company_id,market_cap_m,annual_revenue_m,prev_year_revenue_m,revenue_3yr_ago_m,ebitda_m,net_income_m,total_assets_m,total_liabilities_m,total_debt_m,total_equity_m,current_assets_m,current_liabilities_m,cash_and_equivalents_m,operating_cash_flow_m,capital_expenditures_m,rd_expense_m
CORP_001,3386.3,727.55,469.6,303.94,153.66,78.67,2149.81,925.54,925.55,1224.27,1561.84,416.49,1014.78,125.03,35.72,100.65
CORP_002,1486.57,402.66,336.64,312.73,60.39,44.08,1190.47,608.05,608.05,582.42,677.96,304.02,230.57,42.47,46.69,33.74
CORP_003,5484.98,626.3,375.8,257.92,161.72,78.61,968.87,391.82,391.82,577.05,555.41,176.32,362.51,143.11,37.43,133.19
CORP_004,4711.9,820.96,505.61,253.4,244.11,193.04,1250.7,456.6,456.61,794.1,595.86,205.47,314.03,212.0,44.89,99.67
CORP_005,5900.41,660.39,386.76,162.9,178.23,74.86,1262.72,367.17,367.18,895.55,639.44,165.23,363.44,154.15,58.5,135.31
CORP_006,1702.44,543.96,487.46,426.81,129.75,53.32,1478.34,808.5,808.5,669.84,780.2,404.25,226.74,121.41,50.0,49.87
CORP_007,156.56,177.02,173.62,188.48,9.73,0.97,357.23,281.29,281.28,75.94,120.67,182.84,27.65,4.87,3.58,7.16
CORP_008,1692.0,301.57,197.22,103.26,58.2,40.88,903.69,220.63,220.63,683.06,392.16,99.28,188.25,60.7,18.26,37.19
CORP_009,2479.83,832.52,723.43,545.4,138.31,98.45,1626.32,825.57,825.57,800.75,837.96,412.79,349.48,107.91,52.5,43.66
CORP_010,553.53,415.49,470.49,420.52,0.11,4.63,863.11,645.37,645.38,217.74,310.42,419.49,43.05,0.06,16.54,21.89
CORP_011,590.89,548.22,565.0,624.9,-2.52,-10.07,703.99,604.53,604.52,99.46,451.88,392.94,56.14,-1.26,25.74,24.26
CORP_012,5393.26,575.45,360.58,163.47,129.39,114.92,1596.2,383.28,383.28,1212.92,555.39,172.48,331.73,119.1,25.71,90.21
CORP_013,3129.63,1688.5,1444.15,1200.88,343.54,167.84,4892.1,2284.37,2284.37,2607.73,2272.94,1142.18,648.75,321.25,197.17,177.11
CORP_014,8984.92,2456.73,2314.83,1862.49,395.53,200.17,8306.27,4419.39,4419.38,3886.88,3933.27,2209.7,1038.71,297.53,238.25,175.7
CORP_015,5916.07,1859.6,1641.45,1414.05,346.21,149.69,3961.44,2200.8,2200.8,1760.64,1606.58,1100.4,424.44,276.69,99.59,191.91
CORP_016,3734.77,610.39,482.41,281.84,210.29,91.82,1485.89,286.62,286.63,1199.27,466.91,128.98,198.72,160.98,40.63,106.25
CORP_017,5532.78,2049.41,1879.16,1487.63,304.6,127.12,4292.69,2619.78,2619.78,1672.91,2881.76,1309.89,810.6,232.28,181.26,190.34
CORP_018,3109.89,1645.79,1478.83,1271.9,294.85,198.53,5355.87,2229.27,2229.27,3126.6,1660.8,1114.63,648.93,241.35,93.56,130.84
CORP_019,3254.59,647.13,508.47,226.68,197.49,110.3,1594.29,683.27,683.26,911.02,1106.89,307.47,451.56,182.82,56.31,114.9
CORP_020,312.98,280.77,271.91,264.89,-6.89,-30.97,356.91,263.31,263.3,93.6,99.27,171.15,14.68,-3.44,12.73,5.88
CORP_021,6442.53,848.3,524.45,216.18,200.54,105.9,1745.82,703.54,703.54,1042.28,1364.5,316.59,863.62,170.91,73.41,174.62
CORP_022,3718.81,539.36,324.29,197.24,193.69,83.32,1577.68,215.26,215.26,1362.42,393.29,96.87,269.48,178.59,38.61,88.91
CORP_023,296.99,490.6,565.66,530.29,-20.86,-21.13,658.87,532.41,532.4,126.46,366.83,346.07,78.58,-10.43,18.91,11.8
CORP_024,144.07,122.3,141.21,112.41,-0.16,-8.33,192.78,164.14,164.16,28.64,130.16,106.69,14.65,-0.08,5.3,5.18
CORP_025,3721.5,508.99,398.21,219.3,103.58,97.16,981.62,394.53,394.52,587.09,683.53,177.54,451.53,84.63,44.87,61.7
CORP_026,178.93,211.55,215.41,264.45,-6.01,-18.96,409.79,320.84,320.84,88.95,248.17,208.55,58.89,-3.0,10.32,4.72
CORP_027,4382.2,413.28,268.05,184.34,154.93,98.39,1044.4,407.18,407.18,637.22,626.65,183.23,281.23,158.54,33.53,88.85
CORP_028,206.52,165.71,178.55,163.01,2.06,2.97,293.15,233.87,233.86,59.28,152.02,152.02,16.65,1.03,3.5,4.2
CORP_029,414.62,554.85,577.25,555.02,26.87,-37.23,780.8,602.86,602.86,177.94,274.3,391.86,63.56,13.44,23.7,12.14
CORP_030,6882.55,2174.8,1919.84,1518.1,514.19,200.69,6517.74,2938.53,2938.53,3579.21,2424.3,1469.27,709.33,377.46,110.95,154.49
CORP_031,4511.17,1292.0,1088.83,981.9,255.29,149.63,2471.08,1448.71,1448.7,1022.37,1426.99,724.36,369.84,218.32,96.02,80.81
CORP_032,1397.78,235.23,149.79,96.18,58.6,53.06,367.27,119.45,119.45,247.82,195.11,53.75,87.93,48.85,11.49,30.31
CORP_033,4260.75,386.91,298.52,124.84,122.87,66.41,629.42,129.88,129.88,499.54,172.43,58.45,99.87,128.51,25.86,82.18
CORP_034,1671.18,625.03,584.14,419.11,145.56,74.98,1236.48,520.51,520.51,715.97,551.73,260.25,219.3,108.53,55.93,62.78
CORP_035,2847.2,1081.23,942.41,774.77,220.85,128.61,2566.47,1400.95,1400.96,1165.52,1386.95,700.48,596.29,188.14,72.56,86.38
CORP_036,5105.62,524.88,313.29,232.15,179.07,56.58,1572.48,668.76,668.75,903.72,695.17,300.94,465.06,165.25,45.07,63.26
CORP_037,349.93,358.22,380.84,345.42,-8.36,5.56,683.21,575.02,575.03,108.19,299.01,373.76,64.34,-4.18,8.1,14.42
CORP_038,4630.77,575.34,377.4,231.47,182.33,64.61,1386.08,274.55,274.55,1111.53,280.46,123.55,179.01,142.58,47.49,111.96
CORP_039,5243.06,888.95,551.87,406.68,298.96,191.93,1647.7,664.0,664.0,983.7,1257.95,298.8,742.35,305.64,49.61,158.97
CORP_040,4454.03,1487.52,1333.14,1032.84,266.4,135.84,3768.78,2039.19,2039.19,1729.59,1549.79,1019.6,490.61,235.13,146.61,89.26
CORP_041,3962.23,1955.29,1691.43,1274.3,304.52,149.31,5302.78,3039.54,3039.53,2263.24,3009.14,1519.77,980.27,247.96,180.43,156.69
CORP_042,5144.71,1826.69,1614.54,1409.76,325.2,136.14,6229.71,3755.64,3755.64,2474.07,3624.19,1877.82,1017.2,275.3,156.02,158.35
CORP_043,746.09,559.7,568.57,680.79,13.95,-19.62,923.97,744.17,744.19,179.8,536.92,483.71,62.81,6.97,27.73,29.98
CORP_044,5142.85,451.17,353.19,163.02,153.66,45.41,911.15,252.33,252.33,658.82,371.31,113.55,187.17,149.24,28.25,64.27
CORP_045,4937.36,879.32,614.39,263.27,269.47,89.54,1865.86,709.81,709.81,1156.05,971.01,319.41,413.27,282.69,57.25,157.87
CORP_046,1128.41,150.34,101.17,45.54,29.04,31.36,351.71,111.96,111.96,239.75,174.82,50.38,78.07,23.36,12.49,32.26
CORP_047,95.7,161.2,163.49,164.88,-7.49,-14.33,322.39,248.23,248.21,74.16,143.6,161.35,18.21,-3.75,6.38,4.76
CORP_048,150.11,286.54,293.32,342.25,-3.41,1.57,395.84,281.2,281.21,114.64,115.15,182.78,21.59,-1.71,9.35,15.96
CORP_049,1901.11,342.49,219.25,116.75,99.46,55.16,959.9,252.01,252.01,707.89,508.03,113.4,277.5,101.29,27.4,55.66
CORP_050,1268.64,235.67,141.33,53.02,67.2,29.23,557.31,141.72,141.72,415.59,172.18,63.77,83.03,61.57,17.1,47.83
