company_id,company_name,ticker,sector,sub_sector,headquarters,employee_count,annual_revenue_m,revenue_velocity_yoy,revenue_cagr_3yr,ebitda_m,net_margin,debt_to_equity,current_ratio,quick_ratio,altman_z_score,credit_risk_tier,market_cap_m,market_cap_tier,event_type,headline,signal_sentiment_score,lead_probability_score,priority_tier,qualification_status,prospecting_summary,market_signals,talking_points,pitch_angle,objection_handler
CORP_001,NovaScale AI Systems,NVSC,Technology,Enterprise AI & Cloud,"San Francisco, CA",3099,727.55,54.93,33.77,153.66,10.81,0.756,3.75,2.437,5.48,Prime / Safe Zone,3386.3,Large Enterprise,Capital Raise & Growth Equity,NovaScale AI Systems Secures $140M in Growth Financing Led by Institutional Tech Investors,0.9,99.9,Tier 1: Strategic Alpha,Qualified Target,NovaScale AI Systems presents an institutional Tier-1 target exhibiting robust top-line momentum (54.9% YoY growth) supported by an elite Altman Z-Score of 5.48. Recent catalyst 'NovaScale AI Systems Secures $140M in Growth Financing Led by Institutional Tech Investors' signals active capital allocation toward technology modernization.,"Event Catalyst: Capital Raise & Growth Equity (Proceeds will be directly earmarked for scaling sales ops, modernizing data infrastructure...) | Financial Trajectory: YoY Revenue Velocity at 54.9%, FCF at $89.3M | Credit Stance: Altman Z-Score 5.48 (Prime / Safe Zone)","
• Congratulate executive leadership on recent milestone: 'Capital Raise & Growth Equity', referencing their aggressive 54.9% YoY expansion.
• Inquire how their architecture is absorbing surging transaction volumes while maintaining 10.8% net margins.
• Propose our benchmark framework to de-risk enterprise rollout and shorten procurement lead-times by 40%.",Scalable Enterprise Infrastructure & Rapid Time-to-Value Acceleration,Prioritizing existing internal engineering bandwidth over external vendors; position as an immediate capability multiplier with zero core-refactoring.
CORP_002,Apex Cloud Dynamics,APXC,Technology,Hybrid Infrastructure,"Austin, TX",2153,402.66,19.61,8.79,60.39,10.95,1.044,2.23,0.758,3.53,Prime / Safe Zone,1486.57,Mid-Market,Executive Leadership Hire,Apex Cloud Dynamics Appoints Former Enterprise Sales VP as Chief Revenue Officer to Accelerate Global Expansion,0.85,98.4,Tier 1: Strategic Alpha,Qualified Target,Apex Cloud Dynamics presents an institutional Tier-1 target exhibiting robust top-line momentum (19.6% YoY growth) supported by an elite Altman Z-Score of 3.53. Recent catalyst 'Apex Cloud Dynamics Appoints Former Enterprise Sales VP as Chief Revenue Officer to Accelerate Global Expansion' signals active capital allocation toward technology modernization.,"Event Catalyst: Executive Leadership Hire (Newly appointed CRO brings a mandate to double enterprise institutional contracts and over...) | Financial Trajectory: YoY Revenue Velocity at 19.6%, FCF at $-4.2M | Credit Stance: Altman Z-Score 3.53 (Prime / Safe Zone)","
• Congratulate executive leadership on recent milestone: 'Executive Leadership Hire', referencing their aggressive 19.6% YoY expansion.
• Inquire how their architecture is absorbing surging transaction volumes while maintaining 10.9% net margins.
• Propose our benchmark framework to de-risk enterprise rollout and shorten procurement lead-times by 40%.",Scalable Enterprise Infrastructure & Rapid Time-to-Value Acceleration,Prioritizing existing internal engineering bandwidth over external vendors; position as an immediate capability multiplier with zero core-refactoring.
CORP_003,OmniLogix Freight Tech,OLFT,Logistics,Autonomous Supply Chain,"Chicago, IL",3330,626.3,66.66,34.41,161.72,12.55,0.679,3.15,2.056,5.5,Prime / Safe Zone,5484.98,Large Enterprise,Capital Raise & Growth Equity,OmniLogix Freight Tech Secures $140M in Growth Financing Led by Institutional Tech Investors,0.9,99.9,Tier 1: Strategic Alpha,Qualified Target,OmniLogix Freight Tech presents an institutional Tier-1 target exhibiting robust top-line momentum (66.7% YoY growth) supported by an elite Altman Z-Score of 5.50. Recent catalyst 'OmniLogix Freight Tech Secures $140M in Growth Financing Led by Institutional Tech Investors' signals active capital allocation toward technology modernization.,"Event Catalyst: Capital Raise & Growth Equity (Proceeds will be directly earmarked for scaling sales ops, modernizing data infrastructure...) | Financial Trajectory: YoY Revenue Velocity at 66.7%, FCF at $105.7M | Credit Stance: Altman Z-Score 5.50 (Prime / Safe Zone)","
• Congratulate executive leadership on recent milestone: 'Capital Raise & Growth Equity', referencing their aggressive 66.7% YoY expansion.
• Inquire how their architecture is absorbing surging transaction volumes while maintaining 12.6% net margins.
• Propose our benchmark framework to de-risk enterprise rollout and shorten procurement lead-times by 40%.",Scalable Enterprise Infrastructure & Rapid Time-to-Value Acceleration,Prioritizing existing internal engineering bandwidth over external vendors; position as an immediate capability multiplier with zero core-refactoring.
CORP_004,Vanguard BioPharma,VGBP,Healthcare,Precision Therapeutics,"Boston, MA",3281,820.96,62.37,47.97,244.11,23.51,0.575,2.9,1.528,5.69,Prime / Safe Zone,4711.9,Large Enterprise,Strategic M&A Acquisition,Vanguard BioPharma Completes Strategic Acquisition of Automated Analytics Platform to Broaden B2B Footprint,0.78,100.0,Tier 1: Strategic Alpha,Qualified Target,Vanguard BioPharma presents an institutional Tier-1 target exhibiting robust top-line momentum (62.4% YoY growth) supported by an elite Altman Z-Score of 5.69. Recent catalyst 'Vanguard BioPharma Completes Strategic Acquisition of Automated Analytics Platform to Broaden B2B Footprint' signals active capital allocation toward technology modernization.,"Event Catalyst: Strategic M&A Acquisition (Transaction integrates complementary B2B analytics engines, creating urgent demand for ven...) | Financial Trajectory: YoY Revenue Velocity at 62.4%, FCF at $167.1M | Credit Stance: Altman Z-Score 5.69 (Prime / Safe Zone)","
• Congratulate executive leadership on recent milestone: 'Strategic M&A Acquisition', referencing their aggressive 62.4% YoY expansion.
• Inquire how their architecture is absorbing surging transaction volumes while maintaining 23.5% net margins.
• Propose our benchmark framework to de-risk enterprise rollout and shorten procurement lead-times by 40%.",Scalable Enterprise Infrastructure & Rapid Time-to-Value Acceleration,Prioritizing existing internal engineering bandwidth over external vendors; position as an immediate capability multiplier with zero core-refactoring.
CORP_005,Titanium Heavy Robotics,THRB,Industrial,Smart Manufacturing,"Detroit, MI",3502,660.39,70.75,59.45,178.23,11.34,0.41,3.87,2.2,6.17,Prime / Safe Zone,5900.41,Large Enterprise,Executive Leadership Hire,Titanium Heavy Robotics Appoints Former Enterprise Sales VP as Chief Revenue Officer to Accelerate Global Expansion,0.85,99.8,Tier 1: Strategic Alpha,Qualified Target,Titanium Heavy Robotics presents an institutional Tier-1 target exhibiting robust top-line momentum (70.7% YoY growth) supported by an elite Altman Z-Score of 6.17. Recent catalyst 'Titanium Heavy Robotics Appoints Former Enterprise Sales VP as Chief Revenue Officer to Accelerate Global Expansion' signals active capital allocation toward technology modernization.,"Event Catalyst: Executive Leadership Hire (Newly appointed CRO brings a mandate to double enterprise institutional contracts and over...) | Financial Trajectory: YoY Revenue Velocity at 70.7%, FCF at $95.7M | Credit Stance: Altman Z-Score 6.17 (Prime / Safe Zone)","
• Congratulate executive leadership on recent milestone: 'Executive Leadership Hire', referencing their aggressive 70.7% YoY expansion.
• Inquire how their architecture is absorbing surging transaction volumes while maintaining 11.3% net margins.
• Propose our benchmark framework to de-risk enterprise rollout and shorten procurement lead-times by 40%.",Scalable Enterprise Infrastructure & Rapid Time-to-Value Acceleration,Prioritizing existing internal engineering bandwidth over external vendors; position as an immediate capability multiplier with zero core-refactoring.
CORP_006,Solaris CleanGrid,SLCL,Clean Energy,Grid Scale Storage,"Denver, CO",3852,543.96,11.59,8.42,129.75,9.8,1.207,1.93,0.561,3.25,Prime / Safe Zone,1702.44,Mid-Market,Strategic M&A Acquisition,Solaris CleanGrid Completes Strategic Acquisition of Automated Analytics Platform to Broaden B2B Footprint,0.78,0.6,Tier 4: Monitor / Nurture,Disqualified / On-Hold,"Solaris CleanGrid demonstrates elevated financial headwinds (Z-Score: 3.25, D/E: 1.21) prompting defensive cost containment. Catalyst 'Strategic M&A Acquisition' highlights operational restructuring.","Event Catalyst: Strategic M&A Acquisition (Transaction integrates complementary B2B analytics engines, creating urgent demand for ven...) | Financial Trajectory: YoY Revenue Velocity at 11.6%, FCF at $71.4M | Credit Stance: Altman Z-Score 3.25 (Prime / Safe Zone)","
• Acknowledge recent industry headwinds noted in 'Solaris CleanGrid Completes Strategic Acquisition of Automated Analytics Platform to Broaden B2B Footprint' and focus on rapid overhead containment.
• Demonstrate how our automated tooling cuts legacy licensing costs by up to 35% without workforce expansion.
• Position a performance-contingent proof-of-concept focused purely on liquidity preservation.",Direct Opex Reduction & Risk Remediation,Complete capital freeze on new vendor contracts; present as a budget-neutral consolidation that replaces multiple redundant legacy tools.
CORP_007,FinPulse Global Payments,FPGL,Financial Services,Cross-Border Settlement,"New York, NY",678,177.02,1.96,-2.07,9.73,0.55,3.704,0.66,0.151,-0.67,High Risk / Distress,156.56,Small-Cap / Growth,Cost Restructuring & Margin Squeeze,FinPulse Global Payments Initiates Strategic Cost Review Amid Rising Debt Service and Supply Chain Bottlenecks,-0.35,0.6,Tier 4: Monitor / Nurture,Disqualified / On-Hold,"FinPulse Global Payments demonstrates elevated financial headwinds (Z-Score: -0.67, D/E: 3.70) prompting defensive cost containment. Catalyst 'Cost Restructuring & Margin Squeeze' highlights operational restructuring.","Event Catalyst: Cost Restructuring & Margin Squeeze (Company reports shrinking operating margins and elevated leverage, prioritizing efficiency...) | Financial Trajectory: YoY Revenue Velocity at 2.0%, FCF at $1.3M | Credit Stance: Altman Z-Score -0.67 (High Risk / Distress)","
• Acknowledge recent industry headwinds noted in 'FinPulse Global Payments Initiates Strategic Cost Review Amid Rising Debt Service and Supply Chain Bottlenecks' and focus on rapid overhead containment.
• Demonstrate how our automated tooling cuts legacy licensing costs by up to 35% without workforce expansion.
• Position a performance-contingent proof-of-concept focused purely on liquidity preservation.",Direct Opex Reduction & Risk Remediation,Complete capital freeze on new vendor contracts; present as a budget-neutral consolidation that replaces multiple redundant legacy tools.
CORP_008,QuantumCore Security,QCSE,Technology,Zero-Trust Cybersecurity,"Seattle, WA",1315,301.57,52.91,42.94,58.2,13.56,0.323,3.95,1.896,5.96,Prime / Safe Zone,1692.0,Mid-Market,Capital Raise & Growth Equity,QuantumCore Security Secures $140M in Growth Financing Led by Institutional Tech Investors,0.9,99.9,Tier 1: Strategic Alpha,Qualified Target,QuantumCore Security presents an institutional Tier-1 target exhibiting robust top-line momentum (52.9% YoY growth) supported by an elite Altman Z-Score of 5.96. Recent catalyst 'QuantumCore Security Secures $140M in Growth Financing Led by Institutional Tech Investors' signals active capital allocation toward technology modernization.,"Event Catalyst: Capital Raise & Growth Equity (Proceeds will be directly earmarked for scaling sales ops, modernizing data infrastructure...) | Financial Trajectory: YoY Revenue Velocity at 52.9%, FCF at $42.4M | Credit Stance: Altman Z-Score 5.96 (Prime / Safe Zone)","
• Congratulate executive leadership on recent milestone: 'Capital Raise & Growth Equity', referencing their aggressive 52.9% YoY expansion.
• Inquire how their architecture is absorbing surging transaction volumes while maintaining 13.6% net margins.
• Propose our benchmark framework to de-risk enterprise rollout and shorten procurement lead-times by 40%.",Scalable Enterprise Infrastructure & Rapid Time-to-Value Acceleration,Prioritizing existing internal engineering bandwidth over external vendors; position as an immediate capability multiplier with zero core-refactoring.
CORP_009,AeroDynamics Avionics,ADAV,Industrial,Commercial Aerospace Systems,"Dallas, TX",5051,832.52,15.08,15.14,138.31,11.83,1.031,2.03,0.847,3.5,Prime / Safe Zone,2479.83,Large Enterprise,Executive Leadership Hire,AeroDynamics Avionics Appoints Former Enterprise Sales VP as Chief Revenue Officer to Accelerate Global Expansion,0.85,1.2,Tier 4: Monitor / Nurture,Disqualified / On-Hold,"AeroDynamics Avionics demonstrates elevated financial headwinds (Z-Score: 3.50, D/E: 1.03) prompting defensive cost containment. Catalyst 'Executive Leadership Hire' highlights operational restructuring.","Event Catalyst: Executive Leadership Hire (Newly appointed CRO brings a mandate to double enterprise institutional contracts and over...) | Financial Trajectory: YoY Revenue Velocity at 15.1%, FCF at $55.4M | Credit Stance: Altman Z-Score 3.50 (Prime / Safe Zone)","
• Acknowledge recent industry headwinds noted in 'AeroDynamics Avionics Appoints Former Enterprise Sales VP as Chief Revenue Officer to Accelerate Global Expansion' and focus on rapid overhead containment.
• Demonstrate how our automated tooling cuts legacy licensing costs by up to 35% without workforce expansion.
• Position a performance-contingent proof-of-concept focused purely on liquidity preservation.",Direct Opex Reduction & Risk Remediation,Complete capital freeze on new vendor contracts; present as a budget-neutral consolidation that replaces multiple redundant legacy tools.
CORP_010,Veritas Health Informatics,VRHI,Healthcare,Clinical AI Diagnostics,"Philadelphia, PA",1707,415.49,-11.69,-0.4,0.11,1.11,2.964,0.74,0.103,-0.46,High Risk / Distress,553.53,Mid-Market,Cost Restructuring & Margin Squeeze,Veritas Health Informatics Initiates Strategic Cost Review Amid Rising Debt Service and Supply Chain Bottlenecks,-0.35,0.3,Tier 4: Monitor / Nurture,Disqualified / On-Hold,"Veritas Health Informatics demonstrates elevated financial headwinds (Z-Score: -0.46, D/E: 2.96) prompting defensive cost containment. Catalyst 'Cost Restructuring & Margin Squeeze' highlights operational restructuring.","Event Catalyst: Cost Restructuring & Margin Squeeze (Company reports shrinking operating margins and elevated leverage, prioritizing efficiency...) | Financial Trajectory: YoY Revenue Velocity at -11.7%, FCF at $-16.5M | Credit Stance: Altman Z-Score -0.46 (High Risk / Distress)","
• Acknowledge recent industry headwinds noted in 'Veritas Health Informatics Initiates Strategic Cost Review Amid Rising Debt Service and Supply Chain Bottlenecks' and focus on rapid overhead containment.
• Demonstrate how our automated tooling cuts legacy licensing costs by up to 35% without workforce expansion.
• Position a performance-contingent proof-of-concept focused purely on liquidity preservation.",Direct Opex Reduction & Risk Remediation,Complete capital freeze on new vendor contracts; present as a budget-neutral consolidation that replaces multiple redundant legacy tools.
CORP_011,Nexus Retail Solutions,NXRS,Retail & E-Commerce,Omnichannel Point-of-Sale,"Atlanta, GA",1654,548.22,-2.97,-4.27,-2.52,-1.84,6.078,1.15,0.143,0.65,High Risk / Distress,590.89,Mid-Market,Cost Restructuring & Margin Squeeze,Nexus Retail Solutions Initiates Strategic Cost Review Amid Rising Debt Service and Supply Chain Bottlenecks,-0.35,0.1,Tier 4: Monitor / Nurture,Disqualified / On-Hold,"Nexus Retail Solutions demonstrates elevated financial headwinds (Z-Score: 0.65, D/E: 6.08) prompting defensive cost containment. Catalyst 'Cost Restructuring & Margin Squeeze' highlights operational restructuring.","Event Catalyst: Cost Restructuring & Margin Squeeze (Company reports shrinking operating margins and elevated leverage, prioritizing efficiency...) | Financial Trajectory: YoY Revenue Velocity at -3.0%, FCF at $-27.0M | Credit Stance: Altman Z-Score 0.65 (High Risk / Distress)","
• Acknowledge recent industry headwinds noted in 'Nexus Retail Solutions Initiates Strategic Cost Review Amid Rising Debt Service and Supply Chain Bottlenecks' and focus on rapid overhead containment.
• Demonstrate how our automated tooling cuts legacy licensing costs by up to 35% without workforce expansion.
• Position a performance-contingent proof-of-concept focused purely on liquidity preservation.",Direct Opex Reduction & Risk Remediation,Complete capital freeze on new vendor contracts; present as a budget-neutral consolidation that replaces multiple redundant legacy tools.
CORP_012,Hyperion Datacenters,HYDC,Technology,Edge Computing Facilities,"Phoenix, AZ",2395,575.45,59.59,52.12,129.39,19.97,0.316,3.22,1.923,5.68,Prime / Safe Zone,5393.26,Large Enterprise,Enterprise Cloud Transformation,Hyperion Datacenters Unveils Multi-Year $80M Digital Modernization Initiative Across Core Operations,0.82,99.9,Tier 1: Strategic Alpha,Qualified Target,Hyperion Datacenters presents an institutional Tier-1 target exhibiting robust top-line momentum (59.6% YoY growth) supported by an elite Altman Z-Score of 5.68. Recent catalyst 'Hyperion Datacenters Unveils Multi-Year $80M Digital Modernization Initiative Across Core Operations' signals active capital allocation toward technology modernization.,"Event Catalyst: Enterprise Cloud Transformation (Executive board approves major capital spend focused on enterprise software, automated ris...) | Financial Trajectory: YoY Revenue Velocity at 59.6%, FCF at $93.4M | Credit Stance: Altman Z-Score 5.68 (Prime / Safe Zone)","
• Congratulate executive leadership on recent milestone: 'Enterprise Cloud Transformation', referencing their aggressive 59.6% YoY expansion.
• Inquire how their architecture is absorbing surging transaction volumes while maintaining 20.0% net margins.
• Propose our benchmark framework to de-risk enterprise rollout and shorten procurement lead-times by 40%.",Scalable Enterprise Infrastructure & Rapid Time-to-Value Acceleration,Prioritizing existing internal engineering bandwidth over external vendors; position as an immediate capability multiplier with zero core-refactoring.
CORP_013,IronClad Supply Logistics,ICSL,Logistics,Cold-Chain Fleet Automation,"Minneapolis, MN",8941,1688.5,16.92,12.03,343.54,9.94,0.876,1.99,0.568,3.3,Prime / Safe Zone,3129.63,Large Enterprise,Regulatory Compliance Mandate,IronClad Supply Logistics Faces Heightened Scrutiny Under New Federal Data Transparency and Reporting Standards,0.4,99.8,Tier 1: Strategic Alpha,Qualified Target,IronClad Supply Logistics presents an institutional Tier-1 target exhibiting robust top-line momentum (16.9% YoY growth) supported by an elite Altman Z-Score of 3.30. Recent catalyst 'IronClad Supply Logistics Faces Heightened Scrutiny Under New Federal Data Transparency and Reporting Standards' signals active capital allocation toward technology modernization.,"Event Catalyst: Regulatory Compliance Mandate (Compliance deadlines are accelerating urgency to adopt institutional audit-grade software ...) | Financial Trajectory: YoY Revenue Velocity at 16.9%, FCF at $124.1M | Credit Stance: Altman Z-Score 3.30 (Prime / Safe Zone)","
• Congratulate executive leadership on recent milestone: 'Regulatory Compliance Mandate', referencing their aggressive 16.9% YoY expansion.
• Inquire how their architecture is absorbing surging transaction volumes while maintaining 9.9% net margins.
• Propose our benchmark framework to de-risk enterprise rollout and shorten procurement lead-times by 40%.",Scalable Enterprise Infrastructure & Rapid Time-to-Value Acceleration,Prioritizing existing internal engineering bandwidth over external vendors; position as an immediate capability multiplier with zero core-refactoring.
CORP_014,Synapse BioEngineering,SNPB,Healthcare,Synthetic Biology Platforms,"San Diego, CA",12012,2456.73,6.13,9.67,395.53,8.15,1.137,1.78,0.47,2.68,Prime / Safe Zone,8984.92,Large Enterprise,Strategic M&A Acquisition,Synapse BioEngineering Completes Strategic Acquisition of Automated Analytics Platform to Broaden B2B Footprint,0.78,99.8,Tier 1: Strategic Alpha,Qualified Target,Synapse BioEngineering presents an institutional Tier-1 target exhibiting robust top-line momentum (6.1% YoY growth) supported by an elite Altman Z-Score of 2.68. Recent catalyst 'Synapse BioEngineering Completes Strategic Acquisition of Automated Analytics Platform to Broaden B2B Footprint' signals active capital allocation toward technology modernization.,"Event Catalyst: Strategic M&A Acquisition (Transaction integrates complementary B2B analytics engines, creating urgent demand for ven...) | Financial Trajectory: YoY Revenue Velocity at 6.1%, FCF at $59.3M | Credit Stance: Altman Z-Score 2.68 (Prime / Safe Zone)","
• Congratulate executive leadership on recent milestone: 'Strategic M&A Acquisition', referencing their aggressive 6.1% YoY expansion.
• Inquire how their architecture is absorbing surging transaction volumes while maintaining 8.2% net margins.
• Propose our benchmark framework to de-risk enterprise rollout and shorten procurement lead-times by 40%.",Scalable Enterprise Infrastructure & Rapid Time-to-Value Acceleration,Prioritizing existing internal engineering bandwidth over external vendors; position as an immediate capability multiplier with zero core-refactoring.
CORP_015,BlueRidge Commercial Banking,BRCB,Financial Services,Commercial Lending,"Charlotte, NC",7618,1859.6,13.29,9.56,346.21,8.05,1.25,1.46,0.386,2.39,Moderate Risk,5916.07,Large Enterprise,Strategic M&A Acquisition,BlueRidge Commercial Banking Completes Strategic Acquisition of Automated Analytics Platform to Broaden B2B Footprint,0.78,1.0,Tier 4: Monitor / Nurture,Disqualified / On-Hold,"BlueRidge Commercial Banking demonstrates elevated financial headwinds (Z-Score: 2.39, D/E: 1.25) prompting defensive cost containment. Catalyst 'Strategic M&A Acquisition' highlights operational restructuring.","Event Catalyst: Strategic M&A Acquisition (Transaction integrates complementary B2B analytics engines, creating urgent demand for ven...) | Financial Trajectory: YoY Revenue Velocity at 13.3%, FCF at $177.1M | Credit Stance: Altman Z-Score 2.39 (Moderate Risk)","
• Acknowledge recent industry headwinds noted in 'BlueRidge Commercial Banking Completes Strategic Acquisition of Automated Analytics Platform to Broaden B2B Footprint' and focus on rapid overhead containment.
• Demonstrate how our automated tooling cuts legacy licensing costs by up to 35% without workforce expansion.
• Position a performance-contingent proof-of-concept focused purely on liquidity preservation.",Direct Opex Reduction & Risk Remediation,Complete capital freeze on new vendor contracts; present as a budget-neutral consolidation that replaces multiple redundant legacy tools.
CORP_016,Zenith Agritech Systems,ZNAG,Clean Energy,Precision Irrigation & Soil AI,"Des Moines, IA",3109,610.39,26.53,29.38,210.29,15.04,0.239,3.62,1.541,7.04,Prime / Safe Zone,3734.77,Large Enterprise,Enterprise Cloud Transformation,Zenith Agritech Systems Unveils Multi-Year $80M Digital Modernization Initiative Across Core Operations,0.82,99.5,Tier 1: Strategic Alpha,Qualified Target,Zenith Agritech Systems presents an institutional Tier-1 target exhibiting robust top-line momentum (26.5% YoY growth) supported by an elite Altman Z-Score of 7.04. Recent catalyst 'Zenith Agritech Systems Unveils Multi-Year $80M Digital Modernization Initiative Across Core Operations' signals active capital allocation toward technology modernization.,"Event Catalyst: Enterprise Cloud Transformation (Executive board approves major capital spend focused on enterprise software, automated ris...) | Financial Trajectory: YoY Revenue Velocity at 26.5%, FCF at $120.3M | Credit Stance: Altman Z-Score 7.04 (Prime / Safe Zone)","
• Congratulate executive leadership on recent milestone: 'Enterprise Cloud Transformation', referencing their aggressive 26.5% YoY expansion.
• Inquire how their architecture is absorbing surging transaction volumes while maintaining 15.0% net margins.
• Propose our benchmark framework to de-risk enterprise rollout and shorten procurement lead-times by 40%.",Scalable Enterprise Infrastructure & Rapid Time-to-Value Acceleration,Prioritizing existing internal engineering bandwidth over external vendors; position as an immediate capability multiplier with zero core-refactoring.
CORP_017,Cobalt Industrial Tools,CBIT,Industrial,Predictive Tooling Sensors,"Cleveland, OH",12933,2049.41,9.06,11.27,304.6,6.2,1.566,2.2,0.619,3.65,Prime / Safe Zone,5532.78,Large Enterprise,Regulatory Compliance Mandate,Cobalt Industrial Tools Faces Heightened Scrutiny Under New Federal Data Transparency and Reporting Standards,0.4,99.0,Tier 1: Strategic Alpha,Qualified Target,Cobalt Industrial Tools presents an institutional Tier-1 target exhibiting robust top-line momentum (9.1% YoY growth) supported by an elite Altman Z-Score of 3.65. Recent catalyst 'Cobalt Industrial Tools Faces Heightened Scrutiny Under New Federal Data Transparency and Reporting Standards' signals active capital allocation toward technology modernization.,"Event Catalyst: Regulatory Compliance Mandate (Compliance deadlines are accelerating urgency to adopt institutional audit-grade software ...) | Financial Trajectory: YoY Revenue Velocity at 9.1%, FCF at $51.0M | Credit Stance: Altman Z-Score 3.65 (Prime / Safe Zone)","
• Congratulate executive leadership on recent milestone: 'Regulatory Compliance Mandate', referencing their aggressive 9.1% YoY expansion.
• Inquire how their architecture is absorbing surging transaction volumes while maintaining 6.2% net margins.
• Propose our benchmark framework to de-risk enterprise rollout and shorten procurement lead-times by 40%.",Scalable Enterprise Infrastructure & Rapid Time-to-Value Acceleration,Prioritizing existing internal engineering bandwidth over external vendors; position as an immediate capability multiplier with zero core-refactoring.
CORP_018,CipherGuard Identity,CPGD,Technology,Decentralized IAM,"San Jose, CA",9310,1645.79,11.29,8.97,294.85,12.06,0.713,1.49,0.582,2.63,Prime / Safe Zone,3109.89,Large Enterprise,Strategic M&A Acquisition,CipherGuard Identity Completes Strategic Acquisition of Automated Analytics Platform to Broaden B2B Footprint,0.78,99.2,Tier 1: Strategic Alpha,Qualified Target,CipherGuard Identity presents an institutional Tier-1 target exhibiting robust top-line momentum (11.3% YoY growth) supported by an elite Altman Z-Score of 2.63. Recent catalyst 'CipherGuard Identity Completes Strategic Acquisition of Automated Analytics Platform to Broaden B2B Footprint' signals active capital allocation toward technology modernization.,"Event Catalyst: Strategic M&A Acquisition (Transaction integrates complementary B2B analytics engines, creating urgent demand for ven...) | Financial Trajectory: YoY Revenue Velocity at 11.3%, FCF at $147.8M | Credit Stance: Altman Z-Score 2.63 (Prime / Safe Zone)","
• Congratulate executive leadership on recent milestone: 'Strategic M&A Acquisition', referencing their aggressive 11.3% YoY expansion.
• Inquire how their architecture is absorbing surging transaction volumes while maintaining 12.1% net margins.
• Propose our benchmark framework to de-risk enterprise rollout and shorten procurement lead-times by 40%.",Scalable Enterprise Infrastructure & Rapid Time-to-Value Acceleration,Prioritizing existing internal engineering bandwidth over external vendors; position as an immediate capability multiplier with zero core-refactoring.
CORP_019,Pacifica Marine Freight,PCMF,Logistics,Maritime Routing Systems,"Long Beach, CA",2892,647.13,27.27,41.86,197.49,17.04,0.75,3.6,1.469,5.75,Prime / Safe Zone,3254.59,Large Enterprise,Capital Raise & Growth Equity,Pacifica Marine Freight Secures $140M in Growth Financing Led by Institutional Tech Investors,0.9,100.0,Tier 1: Strategic Alpha,Qualified Target,Pacifica Marine Freight presents an institutional Tier-1 target exhibiting robust top-line momentum (27.3% YoY growth) supported by an elite Altman Z-Score of 5.75. Recent catalyst 'Pacifica Marine Freight Secures $140M in Growth Financing Led by Institutional Tech Investors' signals active capital allocation toward technology modernization.,"Event Catalyst: Capital Raise & Growth Equity (Proceeds will be directly earmarked for scaling sales ops, modernizing data infrastructure...) | Financial Trajectory: YoY Revenue Velocity at 27.3%, FCF at $126.5M | Credit Stance: Altman Z-Score 5.75 (Prime / Safe Zone)","
• Congratulate executive leadership on recent milestone: 'Capital Raise & Growth Equity', referencing their aggressive 27.3% YoY expansion.
• Inquire how their architecture is absorbing surging transaction volumes while maintaining 17.0% net margins.
• Propose our benchmark framework to de-risk enterprise rollout and shorten procurement lead-times by 40%.",Scalable Enterprise Infrastructure & Rapid Time-to-Value Acceleration,Prioritizing existing internal engineering bandwidth over external vendors; position as an immediate capability multiplier with zero core-refactoring.
CORP_020,AuraCare Telehealth,ARCR,Healthcare,Virtual Care Infrastructure,"Nashville, TN",1299,280.77,3.26,1.96,-6.89,-11.03,2.813,0.58,0.086,-1.36,High Risk / Distress,312.98,Small-Cap / Growth,Cost Restructuring & Margin Squeeze,AuraCare Telehealth Initiates Strategic Cost Review Amid Rising Debt Service and Supply Chain Bottlenecks,-0.35,0.5,Tier 4: Monitor / Nurture,Disqualified / On-Hold,"AuraCare Telehealth demonstrates elevated financial headwinds (Z-Score: -1.36, D/E: 2.81) prompting defensive cost containment. Catalyst 'Cost Restructuring & Margin Squeeze' highlights operational restructuring.","Event Catalyst: Cost Restructuring & Margin Squeeze (Company reports shrinking operating margins and elevated leverage, prioritizing efficiency...) | Financial Trajectory: YoY Revenue Velocity at 3.3%, FCF at $-16.2M | Credit Stance: Altman Z-Score -1.36 (High Risk / Distress)","
• Acknowledge recent industry headwinds noted in 'AuraCare Telehealth Initiates Strategic Cost Review Amid Rising Debt Service and Supply Chain Bottlenecks' and focus on rapid overhead containment.
• Demonstrate how our automated tooling cuts legacy licensing costs by up to 35% without workforce expansion.
• Position a performance-contingent proof-of-concept focused purely on liquidity preservation.",Direct Opex Reduction & Risk Remediation,Complete capital freeze on new vendor contracts; present as a budget-neutral consolidation that replaces multiple redundant legacy tools.
CORP_021,Strata Wealth Tech,STWT,Financial Services,Automated Asset Allocation,"Miami, FL",3878,848.3,61.75,57.73,200.54,12.48,0.675,4.31,2.728,6.46,Prime / Safe Zone,6442.53,Large Enterprise,Strategic M&A Acquisition,Strata Wealth Tech Completes Strategic Acquisition of Automated Analytics Platform to Broaden B2B Footprint,0.78,99.9,Tier 1: Strategic Alpha,Qualified Target,Strata Wealth Tech presents an institutional Tier-1 target exhibiting robust top-line momentum (61.8% YoY growth) supported by an elite Altman Z-Score of 6.46. Recent catalyst 'Strata Wealth Tech Completes Strategic Acquisition of Automated Analytics Platform to Broaden B2B Footprint' signals active capital allocation toward technology modernization.,"Event Catalyst: Strategic M&A Acquisition (Transaction integrates complementary B2B analytics engines, creating urgent demand for ven...) | Financial Trajectory: YoY Revenue Velocity at 61.8%, FCF at $97.5M | Credit Stance: Altman Z-Score 6.46 (Prime / Safe Zone)","
• Congratulate executive leadership on recent milestone: 'Strategic M&A Acquisition', referencing their aggressive 61.8% YoY expansion.
• Inquire how their architecture is absorbing surging transaction volumes while maintaining 12.5% net margins.
• Propose our benchmark framework to de-risk enterprise rollout and shorten procurement lead-times by 40%.",Scalable Enterprise Infrastructure & Rapid Time-to-Value Acceleration,Prioritizing existing internal engineering bandwidth over external vendors; position as an immediate capability multiplier with zero core-refactoring.
CORP_022,PulseWave Telecommunications,PWTEL,Technology,5G Private Campus Networks,"Reston, VA",2283,539.36,66.32,39.84,193.69,15.45,0.158,4.06,2.782,8.88,Prime / Safe Zone,3718.81,Large Enterprise,Capital Raise & Growth Equity,PulseWave Telecommunications Secures $140M in Growth Financing Led by Institutional Tech Investors,0.9,99.5,Tier 1: Strategic Alpha,Qualified Target,PulseWave Telecommunications presents an institutional Tier-1 target exhibiting robust top-line momentum (66.3% YoY growth) supported by an elite Altman Z-Score of 8.88. Recent catalyst 'PulseWave Telecommunications Secures $140M in Growth Financing Led by Institutional Tech Investors' signals active capital allocation toward technology modernization.,"Event Catalyst: Capital Raise & Growth Equity (Proceeds will be directly earmarked for scaling sales ops, modernizing data infrastructure...) | Financial Trajectory: YoY Revenue Velocity at 66.3%, FCF at $140.0M | Credit Stance: Altman Z-Score 8.88 (Prime / Safe Zone)","
• Congratulate executive leadership on recent milestone: 'Capital Raise & Growth Equity', referencing their aggressive 66.3% YoY expansion.
• Inquire how their architecture is absorbing surging transaction volumes while maintaining 15.4% net margins.
• Propose our benchmark framework to de-risk enterprise rollout and shorten procurement lead-times by 40%.",Scalable Enterprise Infrastructure & Rapid Time-to-Value Acceleration,Prioritizing existing internal engineering bandwidth over external vendors; position as an immediate capability multiplier with zero core-refactoring.
CORP_023,GeoThermal Frontier,GTFR,Clean Energy,Deep Well Baseload Power,"Reno, NV",1554,490.6,-13.27,-2.56,-20.86,-4.31,4.21,1.06,0.227,0.14,High Risk / Distress,296.99,Small-Cap / Growth,Cost Restructuring & Margin Squeeze,GeoThermal Frontier Initiates Strategic Cost Review Amid Rising Debt Service and Supply Chain Bottlenecks,-0.35,0.1,Tier 4: Monitor / Nurture,Disqualified / On-Hold,"GeoThermal Frontier demonstrates elevated financial headwinds (Z-Score: 0.14, D/E: 4.21) prompting defensive cost containment. Catalyst 'Cost Restructuring & Margin Squeeze' highlights operational restructuring.","Event Catalyst: Cost Restructuring & Margin Squeeze (Company reports shrinking operating margins and elevated leverage, prioritizing efficiency...) | Financial Trajectory: YoY Revenue Velocity at -13.3%, FCF at $-29.3M | Credit Stance: Altman Z-Score 0.14 (High Risk / Distress)","
• Acknowledge recent industry headwinds noted in 'GeoThermal Frontier Initiates Strategic Cost Review Amid Rising Debt Service and Supply Chain Bottlenecks' and focus on rapid overhead containment.
• Demonstrate how our automated tooling cuts legacy licensing costs by up to 35% without workforce expansion.
• Position a performance-contingent proof-of-concept focused purely on liquidity preservation.",Direct Opex Reduction & Risk Remediation,Complete capital freeze on new vendor contracts; present as a budget-neutral consolidation that replaces multiple redundant legacy tools.
CORP_024,Kinetics Heavy Machining,KHM,Industrial,High-Tolerance Turbine Parts,"Pittsburgh, PA",470,122.3,-13.39,2.85,-0.16,-6.81,5.7318,1.22,0.137,0.84,High Risk / Distress,144.07,Small-Cap / Growth,Cost Restructuring & Margin Squeeze,Kinetics Heavy Machining Initiates Strategic Cost Review Amid Rising Debt Service and Supply Chain Bottlenecks,-0.35,0.4,Tier 4: Monitor / Nurture,Disqualified / On-Hold,"Kinetics Heavy Machining demonstrates elevated financial headwinds (Z-Score: 0.84, D/E: 5.73) prompting defensive cost containment. Catalyst 'Cost Restructuring & Margin Squeeze' highlights operational restructuring.","Event Catalyst: Cost Restructuring & Margin Squeeze (Company reports shrinking operating margins and elevated leverage, prioritizing efficiency...) | Financial Trajectory: YoY Revenue Velocity at -13.4%, FCF at $-5.4M | Credit Stance: Altman Z-Score 0.84 (High Risk / Distress)","
• Acknowledge recent industry headwinds noted in 'Kinetics Heavy Machining Initiates Strategic Cost Review Amid Rising Debt Service and Supply Chain Bottlenecks' and focus on rapid overhead containment.
• Demonstrate how our automated tooling cuts legacy licensing costs by up to 35% without workforce expansion.
• Position a performance-contingent proof-of-concept focused purely on liquidity preservation.",Direct Opex Reduction & Risk Remediation,Complete capital freeze on new vendor contracts; present as a budget-neutral consolidation that replaces multiple redundant legacy tools.
CORP_025,Sovereign Trade Finance,STFN,Financial Services,Letter of Credit Automation,"New York, NY",3015,508.99,27.82,32.4,103.58,19.09,0.672,3.85,2.543,5.98,Prime / Safe Zone,3721.5,Large Enterprise,Strategic M&A Acquisition,Sovereign Trade Finance Completes Strategic Acquisition of Automated Analytics Platform to Broaden B2B Footprint,0.78,99.9,Tier 1: Strategic Alpha,Qualified Target,Sovereign Trade Finance presents an institutional Tier-1 target exhibiting robust top-line momentum (27.8% YoY growth) supported by an elite Altman Z-Score of 5.98. Recent catalyst 'Sovereign Trade Finance Completes Strategic Acquisition of Automated Analytics Platform to Broaden B2B Footprint' signals active capital allocation toward technology modernization.,"Event Catalyst: Strategic M&A Acquisition (Transaction integrates complementary B2B analytics engines, creating urgent demand for ven...) | Financial Trajectory: YoY Revenue Velocity at 27.8%, FCF at $39.8M | Credit Stance: Altman Z-Score 5.98 (Prime / Safe Zone)","
• Congratulate executive leadership on recent milestone: 'Strategic M&A Acquisition', referencing their aggressive 27.8% YoY expansion.
• Inquire how their architecture is absorbing surging transaction volumes while maintaining 19.1% net margins.
• Propose our benchmark framework to de-risk enterprise rollout and shorten procurement lead-times by 40%.",Scalable Enterprise Infrastructure & Rapid Time-to-Value Acceleration,Prioritizing existing internal engineering bandwidth over external vendors; position as an immediate capability multiplier with zero core-refactoring.
CORP_026,MedMatrix Surgical,MMXS,Healthcare,Minimally Invasive Robotics,"San Jose, CA",801,211.55,-1.79,-7.17,-6.01,-8.96,3.607,1.19,0.282,0.68,High Risk / Distress,178.93,Small-Cap / Growth,Cost Restructuring & Margin Squeeze,MedMatrix Surgical Initiates Strategic Cost Review Amid Rising Debt Service and Supply Chain Bottlenecks,-0.35,0.1,Tier 4: Monitor / Nurture,Disqualified / On-Hold,"MedMatrix Surgical demonstrates elevated financial headwinds (Z-Score: 0.68, D/E: 3.61) prompting defensive cost containment. Catalyst 'Cost Restructuring & Margin Squeeze' highlights operational restructuring.","Event Catalyst: Cost Restructuring & Margin Squeeze (Company reports shrinking operating margins and elevated leverage, prioritizing efficiency...) | Financial Trajectory: YoY Revenue Velocity at -1.8%, FCF at $-13.3M | Credit Stance: Altman Z-Score 0.68 (High Risk / Distress)","
• Acknowledge recent industry headwinds noted in 'MedMatrix Surgical Initiates Strategic Cost Review Amid Rising Debt Service and Supply Chain Bottlenecks' and focus on rapid overhead containment.
• Demonstrate how our automated tooling cuts legacy licensing costs by up to 35% without workforce expansion.
• Position a performance-contingent proof-of-concept focused purely on liquidity preservation.",Direct Opex Reduction & Risk Remediation,Complete capital freeze on new vendor contracts; present as a budget-neutral consolidation that replaces multiple redundant legacy tools.
CORP_027,FreightForge Warehousing,FFWH,Logistics,Automated Micro-Fulfillment,"Indianapolis, IN",2196,413.28,54.18,30.88,154.93,23.81,0.639,3.42,1.535,5.73,Prime / Safe Zone,4382.2,Large Enterprise,Capital Raise & Growth Equity,FreightForge Warehousing Secures $140M in Growth Financing Led by Institutional Tech Investors,0.9,100.0,Tier 1: Strategic Alpha,Qualified Target,FreightForge Warehousing presents an institutional Tier-1 target exhibiting robust top-line momentum (54.2% YoY growth) supported by an elite Altman Z-Score of 5.73. Recent catalyst 'FreightForge Warehousing Secures $140M in Growth Financing Led by Institutional Tech Investors' signals active capital allocation toward technology modernization.,"Event Catalyst: Capital Raise & Growth Equity (Proceeds will be directly earmarked for scaling sales ops, modernizing data infrastructure...) | Financial Trajectory: YoY Revenue Velocity at 54.2%, FCF at $125.0M | Credit Stance: Altman Z-Score 5.73 (Prime / Safe Zone)","
• Congratulate executive leadership on recent milestone: 'Capital Raise & Growth Equity', referencing their aggressive 54.2% YoY expansion.
• Inquire how their architecture is absorbing surging transaction volumes while maintaining 23.8% net margins.
• Propose our benchmark framework to de-risk enterprise rollout and shorten procurement lead-times by 40%.",Scalable Enterprise Infrastructure & Rapid Time-to-Value Acceleration,Prioritizing existing internal engineering bandwidth over external vendors; position as an immediate capability multiplier with zero core-refactoring.
CORP_028,EcoPack Materials Group,EPMG,Clean Energy,Biodegradable Packaging,"Portland, OR",501,165.71,-7.19,0.55,2.06,1.79,3.945,1.0,0.11,0.35,High Risk / Distress,206.52,Small-Cap / Growth,Cost Restructuring & Margin Squeeze,EcoPack Materials Group Initiates Strategic Cost Review Amid Rising Debt Service and Supply Chain Bottlenecks,-0.35,98.5,Tier 1: Strategic Alpha,Qualified Target,EcoPack Materials Group presents an institutional Tier-1 target exhibiting robust top-line momentum (-7.2% YoY growth) supported by an elite Altman Z-Score of 0.35. Recent catalyst 'EcoPack Materials Group Initiates Strategic Cost Review Amid Rising Debt Service and Supply Chain Bottlenecks' signals active capital allocation toward technology modernization.,"Event Catalyst: Cost Restructuring & Margin Squeeze (Company reports shrinking operating margins and elevated leverage, prioritizing efficiency...) | Financial Trajectory: YoY Revenue Velocity at -7.2%, FCF at $-2.5M | Credit Stance: Altman Z-Score 0.35 (High Risk / Distress)","
• Congratulate executive leadership on recent milestone: 'Cost Restructuring & Margin Squeeze', referencing their aggressive -7.2% YoY expansion.
• Inquire how their architecture is absorbing surging transaction volumes while maintaining 1.8% net margins.
• Propose our benchmark framework to de-risk enterprise rollout and shorten procurement lead-times by 40%.",Scalable Enterprise Infrastructure & Rapid Time-to-Value Acceleration,Prioritizing existing internal engineering bandwidth over external vendors; position as an immediate capability multiplier with zero core-refactoring.
CORP_029,OmniChannel Direct,OCDR,Retail & E-Commerce,AI Demand Forecasting,"Los Angeles, CA",1962,554.85,-3.88,-0.01,26.87,-6.71,3.388,0.7,0.162,-0.6,High Risk / Distress,414.62,Small-Cap / Growth,Cost Restructuring & Margin Squeeze,OmniChannel Direct Initiates Strategic Cost Review Amid Rising Debt Service and Supply Chain Bottlenecks,-0.35,97.5,Tier 1: Strategic Alpha,Qualified Target,OmniChannel Direct presents an institutional Tier-1 target exhibiting robust top-line momentum (-3.9% YoY growth) supported by an elite Altman Z-Score of -0.60. Recent catalyst 'OmniChannel Direct Initiates Strategic Cost Review Amid Rising Debt Service and Supply Chain Bottlenecks' signals active capital allocation toward technology modernization.,"Event Catalyst: Cost Restructuring & Margin Squeeze (Company reports shrinking operating margins and elevated leverage, prioritizing efficiency...) | Financial Trajectory: YoY Revenue Velocity at -3.9%, FCF at $-10.3M | Credit Stance: Altman Z-Score -0.60 (High Risk / Distress)","
• Congratulate executive leadership on recent milestone: 'Cost Restructuring & Margin Squeeze', referencing their aggressive -3.9% YoY expansion.
• Inquire how their architecture is absorbing surging transaction volumes while maintaining -6.7% net margins.
• Propose our benchmark framework to de-risk enterprise rollout and shorten procurement lead-times by 40%.",Scalable Enterprise Infrastructure & Rapid Time-to-Value Acceleration,Prioritizing existing internal engineering bandwidth over external vendors; position as an immediate capability multiplier with zero core-refactoring.
CORP_030,Vector Aerospace Avionics,VRAV,Industrial,Defense Navigation Sensors,"Huntsville, AL",13189,2174.8,13.28,12.73,514.19,9.23,0.821,1.65,0.483,2.87,Prime / Safe Zone,6882.55,Large Enterprise,Strategic M&A Acquisition,Vector Aerospace Avionics Completes Strategic Acquisition of Automated Analytics Platform to Broaden B2B Footprint,0.78,99.6,Tier 1: Strategic Alpha,Qualified Target,Vector Aerospace Avionics presents an institutional Tier-1 target exhibiting robust top-line momentum (13.3% YoY growth) supported by an elite Altman Z-Score of 2.87. Recent catalyst 'Vector Aerospace Avionics Completes Strategic Acquisition of Automated Analytics Platform to Broaden B2B Footprint' signals active capital allocation toward technology modernization.,"Event Catalyst: Strategic M&A Acquisition (Transaction integrates complementary B2B analytics engines, creating urgent demand for ven...) | Financial Trajectory: YoY Revenue Velocity at 13.3%, FCF at $266.5M | Credit Stance: Altman Z-Score 2.87 (Prime / Safe Zone)","
• Congratulate executive leadership on recent milestone: 'Strategic M&A Acquisition', referencing their aggressive 13.3% YoY expansion.
• Inquire how their architecture is absorbing surging transaction volumes while maintaining 9.2% net margins.
• Propose our benchmark framework to de-risk enterprise rollout and shorten procurement lead-times by 40%.",Scalable Enterprise Infrastructure & Rapid Time-to-Value Acceleration,Prioritizing existing internal engineering bandwidth over external vendors; position as an immediate capability multiplier with zero core-refactoring.
CORP_031,Starlight Satellite Networks,SLSN,Technology,LEO Satellite Broadband,"Boulder, CO",7789,1292.0,18.66,9.58,255.29,11.58,1.417,1.97,0.511,3.5,Prime / Safe Zone,4511.17,Large Enterprise,Enterprise Cloud Transformation,Starlight Satellite Networks Unveils Multi-Year $80M Digital Modernization Initiative Across Core Operations,0.82,99.6,Tier 1: Strategic Alpha,Qualified Target,Starlight Satellite Networks presents an institutional Tier-1 target exhibiting robust top-line momentum (18.7% YoY growth) supported by an elite Altman Z-Score of 3.50. Recent catalyst 'Starlight Satellite Networks Unveils Multi-Year $80M Digital Modernization Initiative Across Core Operations' signals active capital allocation toward technology modernization.,"Event Catalyst: Enterprise Cloud Transformation (Executive board approves major capital spend focused on enterprise software, automated ris...) | Financial Trajectory: YoY Revenue Velocity at 18.7%, FCF at $122.3M | Credit Stance: Altman Z-Score 3.50 (Prime / Safe Zone)","
• Congratulate executive leadership on recent milestone: 'Enterprise Cloud Transformation', referencing their aggressive 18.7% YoY expansion.
• Inquire how their architecture is absorbing surging transaction volumes while maintaining 11.6% net margins.
• Propose our benchmark framework to de-risk enterprise rollout and shorten procurement lead-times by 40%.",Scalable Enterprise Infrastructure & Rapid Time-to-Value Acceleration,Prioritizing existing internal engineering bandwidth over external vendors; position as an immediate capability multiplier with zero core-refactoring.
CORP_032,Centurion Underwriting,CNUN,Financial Services,Parametric Risk Insurance,"Hartford, CT",894,235.23,57.04,34.73,58.6,22.56,0.482,3.63,1.636,6.25,Prime / Safe Zone,1397.78,Mid-Market,Executive Leadership Hire,Centurion Underwriting Appoints Former Enterprise Sales VP as Chief Revenue Officer to Accelerate Global Expansion,0.85,99.9,Tier 1: Strategic Alpha,Qualified Target,Centurion Underwriting presents an institutional Tier-1 target exhibiting robust top-line momentum (57.0% YoY growth) supported by an elite Altman Z-Score of 6.25. Recent catalyst 'Centurion Underwriting Appoints Former Enterprise Sales VP as Chief Revenue Officer to Accelerate Global Expansion' signals active capital allocation toward technology modernization.,"Event Catalyst: Executive Leadership Hire (Newly appointed CRO brings a mandate to double enterprise institutional contracts and over...) | Financial Trajectory: YoY Revenue Velocity at 57.0%, FCF at $37.4M | Credit Stance: Altman Z-Score 6.25 (Prime / Safe Zone)","
• Congratulate executive leadership on recent milestone: 'Executive Leadership Hire', referencing their aggressive 57.0% YoY expansion.
• Inquire how their architecture is absorbing surging transaction volumes while maintaining 22.6% net margins.
• Propose our benchmark framework to de-risk enterprise rollout and shorten procurement lead-times by 40%.",Scalable Enterprise Infrastructure & Rapid Time-to-Value Acceleration,Prioritizing existing internal engineering bandwidth over external vendors; position as an immediate capability multiplier with zero core-refactoring.
CORP_033,Integra Diagnostic Labs,INDL,Healthcare,High-Throughput Sequencing,"Raleigh, NC",1582,386.91,29.61,45.8,122.87,17.16,0.26,2.95,1.709,6.88,Prime / Safe Zone,4260.75,Large Enterprise,Capital Raise & Growth Equity,Integra Diagnostic Labs Secures $140M in Growth Financing Led by Institutional Tech Investors,0.9,99.9,Tier 1: Strategic Alpha,Qualified Target,Integra Diagnostic Labs presents an institutional Tier-1 target exhibiting robust top-line momentum (29.6% YoY growth) supported by an elite Altman Z-Score of 6.88. Recent catalyst 'Integra Diagnostic Labs Secures $140M in Growth Financing Led by Institutional Tech Investors' signals active capital allocation toward technology modernization.,"Event Catalyst: Capital Raise & Growth Equity (Proceeds will be directly earmarked for scaling sales ops, modernizing data infrastructure...) | Financial Trajectory: YoY Revenue Velocity at 29.6%, FCF at $102.7M | Credit Stance: Altman Z-Score 6.88 (Prime / Safe Zone)","
• Congratulate executive leadership on recent milestone: 'Capital Raise & Growth Equity', referencing their aggressive 29.6% YoY expansion.
• Inquire how their architecture is absorbing surging transaction volumes while maintaining 17.2% net margins.
• Propose our benchmark framework to de-risk enterprise rollout and shorten procurement lead-times by 40%.",Scalable Enterprise Infrastructure & Rapid Time-to-Value Acceleration,Prioritizing existing internal engineering bandwidth over external vendors; position as an immediate capability multiplier with zero core-refactoring.
CORP_034,Velocity Parcel Logistics,VPLG,Logistics,Last-Mile Drone Delivery,"Memphis, TN",2695,625.03,7.0,14.25,145.56,12.0,0.727,2.12,0.843,3.98,Prime / Safe Zone,1671.18,Mid-Market,Executive Leadership Hire,Velocity Parcel Logistics Appoints Former Enterprise Sales VP as Chief Revenue Officer to Accelerate Global Expansion,0.85,1.2,Tier 4: Monitor / Nurture,Disqualified / On-Hold,"Velocity Parcel Logistics demonstrates elevated financial headwinds (Z-Score: 3.98, D/E: 0.73) prompting defensive cost containment. Catalyst 'Executive Leadership Hire' highlights operational restructuring.","Event Catalyst: Executive Leadership Hire (Newly appointed CRO brings a mandate to double enterprise institutional contracts and over...) | Financial Trajectory: YoY Revenue Velocity at 7.0%, FCF at $52.6M | Credit Stance: Altman Z-Score 3.98 (Prime / Safe Zone)","
• Acknowledge recent industry headwinds noted in 'Velocity Parcel Logistics Appoints Former Enterprise Sales VP as Chief Revenue Officer to Accelerate Global Expansion' and focus on rapid overhead containment.
• Demonstrate how our automated tooling cuts legacy licensing costs by up to 35% without workforce expansion.
• Position a performance-contingent proof-of-concept focused purely on liquidity preservation.",Direct Opex Reduction & Risk Remediation,Complete capital freeze on new vendor contracts; present as a budget-neutral consolidation that replaces multiple redundant legacy tools.
CORP_035,TerraFirma Solid Battery,TFSB,Clean Energy,Lithium-Sulfur Cells,"Salt Lake City, UT",5575,1081.23,14.73,11.75,220.85,11.89,1.202,1.98,0.851,3.37,Prime / Safe Zone,2847.2,Large Enterprise,Executive Leadership Hire,TerraFirma Solid Battery Appoints Former Enterprise Sales VP as Chief Revenue Officer to Accelerate Global Expansion,0.85,0.7,Tier 4: Monitor / Nurture,Disqualified / On-Hold,"TerraFirma Solid Battery demonstrates elevated financial headwinds (Z-Score: 3.37, D/E: 1.20) prompting defensive cost containment. Catalyst 'Executive Leadership Hire' highlights operational restructuring.","Event Catalyst: Executive Leadership Hire (Newly appointed CRO brings a mandate to double enterprise institutional contracts and over...) | Financial Trajectory: YoY Revenue Velocity at 14.7%, FCF at $115.6M | Credit Stance: Altman Z-Score 3.37 (Prime / Safe Zone)","
• Acknowledge recent industry headwinds noted in 'TerraFirma Solid Battery Appoints Former Enterprise Sales VP as Chief Revenue Officer to Accelerate Global Expansion' and focus on rapid overhead containment.
• Demonstrate how our automated tooling cuts legacy licensing costs by up to 35% without workforce expansion.
• Position a performance-contingent proof-of-concept focused purely on liquidity preservation.",Direct Opex Reduction & Risk Remediation,Complete capital freeze on new vendor contracts; present as a budget-neutral consolidation that replaces multiple redundant legacy tools.
CORP_036,Foundry Precision Castings,FDRP,Industrial,Additive Metallurgy,"Milwaukee, WI",3116,524.88,67.54,31.25,179.07,10.78,0.74,2.31,1.545,3.95,Prime / Safe Zone,5105.62,Large Enterprise,Strategic M&A Acquisition,Foundry Precision Castings Completes Strategic Acquisition of Automated Analytics Platform to Broaden B2B Footprint,0.78,99.8,Tier 1: Strategic Alpha,Qualified Target,Foundry Precision Castings presents an institutional Tier-1 target exhibiting robust top-line momentum (67.5% YoY growth) supported by an elite Altman Z-Score of 3.95. Recent catalyst 'Foundry Precision Castings Completes Strategic Acquisition of Automated Analytics Platform to Broaden B2B Footprint' signals active capital allocation toward technology modernization.,"Event Catalyst: Strategic M&A Acquisition (Transaction integrates complementary B2B analytics engines, creating urgent demand for ven...) | Financial Trajectory: YoY Revenue Velocity at 67.5%, FCF at $120.2M | Credit Stance: Altman Z-Score 3.95 (Prime / Safe Zone)","
• Congratulate executive leadership on recent milestone: 'Strategic M&A Acquisition', referencing their aggressive 67.5% YoY expansion.
• Inquire how their architecture is absorbing surging transaction volumes while maintaining 10.8% net margins.
• Propose our benchmark framework to de-risk enterprise rollout and shorten procurement lead-times by 40%.",Scalable Enterprise Infrastructure & Rapid Time-to-Value Acceleration,Prioritizing existing internal engineering bandwidth over external vendors; position as an immediate capability multiplier with zero core-refactoring.
CORP_037,CloudNine SaaS ERP,CNERP,Technology,Mid-Market Financial Cloud,"San Mateo, CA",1742,358.22,-5.94,1.22,-8.36,1.55,5.315,0.8,0.172,-0.58,High Risk / Distress,349.93,Small-Cap / Growth,Cost Restructuring & Margin Squeeze,CloudNine SaaS ERP Initiates Strategic Cost Review Amid Rising Debt Service and Supply Chain Bottlenecks,-0.35,0.5,Tier 4: Monitor / Nurture,Disqualified / On-Hold,"CloudNine SaaS ERP demonstrates elevated financial headwinds (Z-Score: -0.58, D/E: 5.32) prompting defensive cost containment. Catalyst 'Cost Restructuring & Margin Squeeze' highlights operational restructuring.","Event Catalyst: Cost Restructuring & Margin Squeeze (Company reports shrinking operating margins and elevated leverage, prioritizing efficiency...) | Financial Trajectory: YoY Revenue Velocity at -5.9%, FCF at $-12.3M | Credit Stance: Altman Z-Score -0.58 (High Risk / Distress)","
• Acknowledge recent industry headwinds noted in 'CloudNine SaaS ERP Initiates Strategic Cost Review Amid Rising Debt Service and Supply Chain Bottlenecks' and focus on rapid overhead containment.
• Demonstrate how our automated tooling cuts legacy licensing costs by up to 35% without workforce expansion.
• Position a performance-contingent proof-of-concept focused purely on liquidity preservation.",Direct Opex Reduction & Risk Remediation,Complete capital freeze on new vendor contracts; present as a budget-neutral consolidation that replaces multiple redundant legacy tools.
CORP_038,Beacon Credit Union Tech,BCUT,Financial Services,Open Banking Core APIs,"Columbus, OH",2601,575.34,52.45,35.46,182.33,11.23,0.247,2.27,1.449,6.03,Prime / Safe Zone,4630.77,Large Enterprise,Enterprise Cloud Transformation,Beacon Credit Union Tech Unveils Multi-Year $80M Digital Modernization Initiative Across Core Operations,0.82,2.3,Tier 4: Monitor / Nurture,Disqualified / On-Hold,"Beacon Credit Union Tech demonstrates elevated financial headwinds (Z-Score: 6.03, D/E: 0.25) prompting defensive cost containment. Catalyst 'Enterprise Cloud Transformation' highlights operational restructuring.","Event Catalyst: Enterprise Cloud Transformation (Executive board approves major capital spend focused on enterprise software, automated ris...) | Financial Trajectory: YoY Revenue Velocity at 52.4%, FCF at $95.1M | Credit Stance: Altman Z-Score 6.03 (Prime / Safe Zone)","
• Acknowledge recent industry headwinds noted in 'Beacon Credit Union Tech Unveils Multi-Year $80M Digital Modernization Initiative Across Core Operations' and focus on rapid overhead containment.
• Demonstrate how our automated tooling cuts legacy licensing costs by up to 35% without workforce expansion.
• Position a performance-contingent proof-of-concept focused purely on liquidity preservation.",Direct Opex Reduction & Risk Remediation,Complete capital freeze on new vendor contracts; present as a budget-neutral consolidation that replaces multiple redundant legacy tools.
CORP_039,CarePoint Specialty Clinics,CPSC,Healthcare,Outpatient Network Operations,"Houston, TX",4629,888.95,61.08,29.78,298.96,21.59,0.675,4.21,2.484,6.97,Prime / Safe Zone,5243.06,Large Enterprise,Strategic M&A Acquisition,CarePoint Specialty Clinics Completes Strategic Acquisition of Automated Analytics Platform to Broaden B2B Footprint,0.78,100.0,Tier 1: Strategic Alpha,Qualified Target,CarePoint Specialty Clinics presents an institutional Tier-1 target exhibiting robust top-line momentum (61.1% YoY growth) supported by an elite Altman Z-Score of 6.97. Recent catalyst 'CarePoint Specialty Clinics Completes Strategic Acquisition of Automated Analytics Platform to Broaden B2B Footprint' signals active capital allocation toward technology modernization.,"Event Catalyst: Strategic M&A Acquisition (Transaction integrates complementary B2B analytics engines, creating urgent demand for ven...) | Financial Trajectory: YoY Revenue Velocity at 61.1%, FCF at $256.0M | Credit Stance: Altman Z-Score 6.97 (Prime / Safe Zone)","
• Congratulate executive leadership on recent milestone: 'Strategic M&A Acquisition', referencing their aggressive 61.1% YoY expansion.
• Inquire how their architecture is absorbing surging transaction volumes while maintaining 21.6% net margins.
• Propose our benchmark framework to de-risk enterprise rollout and shorten procurement lead-times by 40%.",Scalable Enterprise Infrastructure & Rapid Time-to-Value Acceleration,Prioritizing existing internal engineering bandwidth over external vendors; position as an immediate capability multiplier with zero core-refactoring.
CORP_040,Summit Cold Storage,SMCS,Logistics,Temperature-Controlled Hubs,"Kansas City, MO",10524,1487.52,11.58,12.93,266.4,9.13,1.179,1.52,0.481,2.41,Moderate Risk,4454.03,Large Enterprise,Enterprise Cloud Transformation,Summit Cold Storage Unveils Multi-Year $80M Digital Modernization Initiative Across Core Operations,0.82,98.7,Tier 1: Strategic Alpha,Qualified Target,Summit Cold Storage presents an institutional Tier-1 target exhibiting robust top-line momentum (11.6% YoY growth) supported by an elite Altman Z-Score of 2.41. Recent catalyst 'Summit Cold Storage Unveils Multi-Year $80M Digital Modernization Initiative Across Core Operations' signals active capital allocation toward technology modernization.,"Event Catalyst: Enterprise Cloud Transformation (Executive board approves major capital spend focused on enterprise software, automated ris...) | Financial Trajectory: YoY Revenue Velocity at 11.6%, FCF at $88.5M | Credit Stance: Altman Z-Score 2.41 (Moderate Risk)","
• Congratulate executive leadership on recent milestone: 'Enterprise Cloud Transformation', referencing their aggressive 11.6% YoY expansion.
• Inquire how their architecture is absorbing surging transaction volumes while maintaining 9.1% net margins.
• Propose our benchmark framework to de-risk enterprise rollout and shorten procurement lead-times by 40%.",Scalable Enterprise Infrastructure & Rapid Time-to-Value Acceleration,Prioritizing existing internal engineering bandwidth over external vendors; position as an immediate capability multiplier with zero core-refactoring.
CORP_041,PureWater Desalination,PWDS,Clean Energy,Reverse Osmosis Systems,"San Antonio, TX",11515,1955.29,15.6,15.34,304.52,7.64,1.343,1.98,0.645,3.1,Prime / Safe Zone,3962.23,Large Enterprise,Strategic M&A Acquisition,PureWater Desalination Completes Strategic Acquisition of Automated Analytics Platform to Broaden B2B Footprint,0.78,99.5,Tier 1: Strategic Alpha,Qualified Target,PureWater Desalination presents an institutional Tier-1 target exhibiting robust top-line momentum (15.6% YoY growth) supported by an elite Altman Z-Score of 3.10. Recent catalyst 'PureWater Desalination Completes Strategic Acquisition of Automated Analytics Platform to Broaden B2B Footprint' signals active capital allocation toward technology modernization.,"Event Catalyst: Strategic M&A Acquisition (Transaction integrates complementary B2B analytics engines, creating urgent demand for ven...) | Financial Trajectory: YoY Revenue Velocity at 15.6%, FCF at $67.5M | Credit Stance: Altman Z-Score 3.10 (Prime / Safe Zone)","
• Congratulate executive leadership on recent milestone: 'Strategic M&A Acquisition', referencing their aggressive 15.6% YoY expansion.
• Inquire how their architecture is absorbing surging transaction volumes while maintaining 7.6% net margins.
• Propose our benchmark framework to de-risk enterprise rollout and shorten procurement lead-times by 40%.",Scalable Enterprise Infrastructure & Rapid Time-to-Value Acceleration,Prioritizing existing internal engineering bandwidth over external vendors; position as an immediate capability multiplier with zero core-refactoring.
CORP_042,ProCraft Industrial Coatings,PCIC,Industrial,Corrosion-Resistant Polymers,"Cincinnati, OH",7422,1826.69,13.14,9.02,325.2,7.45,1.518,1.93,0.542,2.95,Prime / Safe Zone,5144.71,Large Enterprise,Regulatory Compliance Mandate,ProCraft Industrial Coatings Faces Heightened Scrutiny Under New Federal Data Transparency and Reporting Standards,0.4,1.7,Tier 4: Monitor / Nurture,Disqualified / On-Hold,"ProCraft Industrial Coatings demonstrates elevated financial headwinds (Z-Score: 2.95, D/E: 1.52) prompting defensive cost containment. Catalyst 'Regulatory Compliance Mandate' highlights operational restructuring.","Event Catalyst: Regulatory Compliance Mandate (Compliance deadlines are accelerating urgency to adopt institutional audit-grade software ...) | Financial Trajectory: YoY Revenue Velocity at 13.1%, FCF at $119.3M | Credit Stance: Altman Z-Score 2.95 (Prime / Safe Zone)","
• Acknowledge recent industry headwinds noted in 'ProCraft Industrial Coatings Faces Heightened Scrutiny Under New Federal Data Transparency and Reporting Standards' and focus on rapid overhead containment.
• Demonstrate how our automated tooling cuts legacy licensing costs by up to 35% without workforce expansion.
• Position a performance-contingent proof-of-concept focused purely on liquidity preservation.",Direct Opex Reduction & Risk Remediation,Complete capital freeze on new vendor contracts; present as a budget-neutral consolidation that replaces multiple redundant legacy tools.
CORP_043,Synthetix Machine Vision,SYMV,Technology,Autonomous Quality Inspection,"Santa Clara, CA",1818,559.7,-1.56,-6.32,13.95,-3.51,4.139,1.11,0.13,0.66,High Risk / Distress,746.09,Mid-Market,Regulatory Compliance Mandate,Synthetix Machine Vision Faces Heightened Scrutiny Under New Federal Data Transparency and Reporting Standards,0.4,0.4,Tier 4: Monitor / Nurture,Disqualified / On-Hold,"Synthetix Machine Vision demonstrates elevated financial headwinds (Z-Score: 0.66, D/E: 4.14) prompting defensive cost containment. Catalyst 'Regulatory Compliance Mandate' highlights operational restructuring.","Event Catalyst: Regulatory Compliance Mandate (Compliance deadlines are accelerating urgency to adopt institutional audit-grade software ...) | Financial Trajectory: YoY Revenue Velocity at -1.6%, FCF at $-20.8M | Credit Stance: Altman Z-Score 0.66 (High Risk / Distress)","
• Acknowledge recent industry headwinds noted in 'Synthetix Machine Vision Faces Heightened Scrutiny Under New Federal Data Transparency and Reporting Standards' and focus on rapid overhead containment.
• Demonstrate how our automated tooling cuts legacy licensing costs by up to 35% without workforce expansion.
• Position a performance-contingent proof-of-concept focused purely on liquidity preservation.",Direct Opex Reduction & Risk Remediation,Complete capital freeze on new vendor contracts; present as a budget-neutral consolidation that replaces multiple redundant legacy tools.
CORP_044,Meridian Merchant Services,MDMS,Financial Services,POS Hardware & Merchant Rails,"Scottsdale, AZ",2089,451.17,27.74,40.4,153.66,10.06,0.383,3.27,1.648,5.89,Prime / Safe Zone,5142.85,Large Enterprise,Executive Leadership Hire,Meridian Merchant Services Appoints Former Enterprise Sales VP as Chief Revenue Officer to Accelerate Global Expansion,0.85,99.9,Tier 1: Strategic Alpha,Qualified Target,Meridian Merchant Services presents an institutional Tier-1 target exhibiting robust top-line momentum (27.7% YoY growth) supported by an elite Altman Z-Score of 5.89. Recent catalyst 'Meridian Merchant Services Appoints Former Enterprise Sales VP as Chief Revenue Officer to Accelerate Global Expansion' signals active capital allocation toward technology modernization.,"Event Catalyst: Executive Leadership Hire (Newly appointed CRO brings a mandate to double enterprise institutional contracts and over...) | Financial Trajectory: YoY Revenue Velocity at 27.7%, FCF at $121.0M | Credit Stance: Altman Z-Score 5.89 (Prime / Safe Zone)","
• Congratulate executive leadership on recent milestone: 'Executive Leadership Hire', referencing their aggressive 27.7% YoY expansion.
• Inquire how their architecture is absorbing surging transaction volumes while maintaining 10.1% net margins.
• Propose our benchmark framework to de-risk enterprise rollout and shorten procurement lead-times by 40%.",Scalable Enterprise Infrastructure & Rapid Time-to-Value Acceleration,Prioritizing existing internal engineering bandwidth over external vendors; position as an immediate capability multiplier with zero core-refactoring.
CORP_045,GeneThera Biologics,GTBL,Healthcare,Adeno-Associated Virus Vectors,"Cambridge, MA",3225,879.32,43.12,49.48,269.47,10.18,0.614,3.04,1.294,5.13,Prime / Safe Zone,4937.36,Large Enterprise,Executive Leadership Hire,GeneThera Biologics Appoints Former Enterprise Sales VP as Chief Revenue Officer to Accelerate Global Expansion,0.85,99.9,Tier 1: Strategic Alpha,Qualified Target,GeneThera Biologics presents an institutional Tier-1 target exhibiting robust top-line momentum (43.1% YoY growth) supported by an elite Altman Z-Score of 5.13. Recent catalyst 'GeneThera Biologics Appoints Former Enterprise Sales VP as Chief Revenue Officer to Accelerate Global Expansion' signals active capital allocation toward technology modernization.,"Event Catalyst: Executive Leadership Hire (Newly appointed CRO brings a mandate to double enterprise institutional contracts and over...) | Financial Trajectory: YoY Revenue Velocity at 43.1%, FCF at $225.4M | Credit Stance: Altman Z-Score 5.13 (Prime / Safe Zone)","
• Congratulate executive leadership on recent milestone: 'Executive Leadership Hire', referencing their aggressive 43.1% YoY expansion.
• Inquire how their architecture is absorbing surging transaction volumes while maintaining 10.2% net margins.
• Propose our benchmark framework to de-risk enterprise rollout and shorten procurement lead-times by 40%.",Scalable Enterprise Infrastructure & Rapid Time-to-Value Acceleration,Prioritizing existing internal engineering bandwidth over external vendors; position as an immediate capability multiplier with zero core-refactoring.
CORP_046,SwiftMile Intermodal,SMIM,Logistics,Rail-to-Truck Transloading,"Omaha, NE",666,150.34,48.6,48.9,29.04,20.86,0.467,3.47,1.55,5.42,Prime / Safe Zone,1128.41,Mid-Market,Capital Raise & Growth Equity,SwiftMile Intermodal Secures $140M in Growth Financing Led by Institutional Tech Investors,0.9,99.9,Tier 1: Strategic Alpha,Qualified Target,SwiftMile Intermodal presents an institutional Tier-1 target exhibiting robust top-line momentum (48.6% YoY growth) supported by an elite Altman Z-Score of 5.42. Recent catalyst 'SwiftMile Intermodal Secures $140M in Growth Financing Led by Institutional Tech Investors' signals active capital allocation toward technology modernization.,"Event Catalyst: Capital Raise & Growth Equity (Proceeds will be directly earmarked for scaling sales ops, modernizing data infrastructure...) | Financial Trajectory: YoY Revenue Velocity at 48.6%, FCF at $10.9M | Credit Stance: Altman Z-Score 5.42 (Prime / Safe Zone)","
• Congratulate executive leadership on recent milestone: 'Capital Raise & Growth Equity', referencing their aggressive 48.6% YoY expansion.
• Inquire how their architecture is absorbing surging transaction volumes while maintaining 20.9% net margins.
• Propose our benchmark framework to de-risk enterprise rollout and shorten procurement lead-times by 40%.",Scalable Enterprise Infrastructure & Rapid Time-to-Value Acceleration,Prioritizing existing internal engineering bandwidth over external vendors; position as an immediate capability multiplier with zero core-refactoring.
CORP_047,GreenVolt Hydrogen Systems,GVHS,Clean Energy,PEM Electrolyzer Stacks,"Houston, TX",515,161.2,-1.4,-0.75,-7.49,-8.89,3.347,0.89,0.113,-0.35,High Risk / Distress,95.7,Small-Cap / Growth,Regulatory Compliance Mandate,GreenVolt Hydrogen Systems Faces Heightened Scrutiny Under New Federal Data Transparency and Reporting Standards,0.4,0.4,Tier 4: Monitor / Nurture,Disqualified / On-Hold,"GreenVolt Hydrogen Systems demonstrates elevated financial headwinds (Z-Score: -0.35, D/E: 3.35) prompting defensive cost containment. Catalyst 'Regulatory Compliance Mandate' highlights operational restructuring.","Event Catalyst: Regulatory Compliance Mandate (Compliance deadlines are accelerating urgency to adopt institutional audit-grade software ...) | Financial Trajectory: YoY Revenue Velocity at -1.4%, FCF at $-10.1M | Credit Stance: Altman Z-Score -0.35 (High Risk / Distress)","
• Acknowledge recent industry headwinds noted in 'GreenVolt Hydrogen Systems Faces Heightened Scrutiny Under New Federal Data Transparency and Reporting Standards' and focus on rapid overhead containment.
• Demonstrate how our automated tooling cuts legacy licensing costs by up to 35% without workforce expansion.
• Position a performance-contingent proof-of-concept focused purely on liquidity preservation.",Direct Opex Reduction & Risk Remediation,Complete capital freeze on new vendor contracts; present as a budget-neutral consolidation that replaces multiple redundant legacy tools.
CORP_048,Borealis Specialty Alloys,BSAL,Industrial,Nickel-Titanium Shape Memory,"Allentown, PA",1328,286.54,-2.31,-5.75,-3.41,0.55,2.453,0.63,0.118,-0.74,High Risk / Distress,150.11,Small-Cap / Growth,Cost Restructuring & Margin Squeeze,Borealis Specialty Alloys Initiates Strategic Cost Review Amid Rising Debt Service and Supply Chain Bottlenecks,-0.35,0.2,Tier 4: Monitor / Nurture,Disqualified / On-Hold,"Borealis Specialty Alloys demonstrates elevated financial headwinds (Z-Score: -0.74, D/E: 2.45) prompting defensive cost containment. Catalyst 'Cost Restructuring & Margin Squeeze' highlights operational restructuring.","Event Catalyst: Cost Restructuring & Margin Squeeze (Company reports shrinking operating margins and elevated leverage, prioritizing efficiency...) | Financial Trajectory: YoY Revenue Velocity at -2.3%, FCF at $-11.1M | Credit Stance: Altman Z-Score -0.74 (High Risk / Distress)","
• Acknowledge recent industry headwinds noted in 'Borealis Specialty Alloys Initiates Strategic Cost Review Amid Rising Debt Service and Supply Chain Bottlenecks' and focus on rapid overhead containment.
• Demonstrate how our automated tooling cuts legacy licensing costs by up to 35% without workforce expansion.
• Position a performance-contingent proof-of-concept focused purely on liquidity preservation.",Direct Opex Reduction & Risk Remediation,Complete capital freeze on new vendor contracts; present as a budget-neutral consolidation that replaces multiple redundant legacy tools.
CORP_049,DataVault Enterprise Cloud,DVEC,Technology,Sovereign Cloud Data Warehousing,"Arlington, VA",1217,342.49,56.21,43.15,99.46,16.11,0.356,4.48,2.447,6.53,Prime / Safe Zone,1901.11,Mid-Market,Capital Raise & Growth Equity,DataVault Enterprise Cloud Secures $140M in Growth Financing Led by Institutional Tech Investors,0.9,99.9,Tier 1: Strategic Alpha,Qualified Target,DataVault Enterprise Cloud presents an institutional Tier-1 target exhibiting robust top-line momentum (56.2% YoY growth) supported by an elite Altman Z-Score of 6.53. Recent catalyst 'DataVault Enterprise Cloud Secures $140M in Growth Financing Led by Institutional Tech Investors' signals active capital allocation toward technology modernization.,"Event Catalyst: Capital Raise & Growth Equity (Proceeds will be directly earmarked for scaling sales ops, modernizing data infrastructure...) | Financial Trajectory: YoY Revenue Velocity at 56.2%, FCF at $73.9M | Credit Stance: Altman Z-Score 6.53 (Prime / Safe Zone)","
• Congratulate executive leadership on recent milestone: 'Capital Raise & Growth Equity', referencing their aggressive 56.2% YoY expansion.
• Inquire how their architecture is absorbing surging transaction volumes while maintaining 16.1% net margins.
• Propose our benchmark framework to de-risk enterprise rollout and shorten procurement lead-times by 40%.",Scalable Enterprise Infrastructure & Rapid Time-to-Value Acceleration,Prioritizing existing internal engineering bandwidth over external vendors; position as an immediate capability multiplier with zero core-refactoring.
CORP_050,Apex Capital Lending Group,ACLG,Financial Services,Asset-Backed Equipment Finance,"Chicago, IL",946,235.67,66.75,64.42,67.2,12.4,0.341,2.7,1.302,5.34,Prime / Safe Zone,1268.64,Mid-Market,Executive Leadership Hire,Apex Capital Lending Group Appoints Former Enterprise Sales VP as Chief Revenue Officer to Accelerate Global Expansion,0.85,99.9,Tier 1: Strategic Alpha,Qualified Target,Apex Capital Lending Group presents an institutional Tier-1 target exhibiting robust top-line momentum (66.8% YoY growth) supported by an elite Altman Z-Score of 5.34. Recent catalyst 'Apex Capital Lending Group Appoints Former Enterprise Sales VP as Chief Revenue Officer to Accelerate Global Expansion' signals active capital allocation toward technology modernization.,"Event Catalyst: Executive Leadership Hire (Newly appointed CRO brings a mandate to double enterprise institutional contracts and over...) | Financial Trajectory: YoY Revenue Velocity at 66.8%, FCF at $44.5M | Credit Stance: Altman Z-Score 5.34 (Prime / Safe Zone)","
• Congratulate executive leadership on recent milestone: 'Executive Leadership Hire', referencing their aggressive 66.8% YoY expansion.
• Inquire how their architecture is absorbing surging transaction volumes while maintaining 12.4% net margins.
• Propose our benchmark framework to de-risk enterprise rollout and shorten procurement lead-times by 40%.",Scalable Enterprise Infrastructure & Rapid Time-to-Value Acceleration,Prioritizing existing internal engineering bandwidth over external vendors; position as an immediate capability multiplier with zero core-refactoring.
