company_id,company_name,ticker,sector,sub_sector,headquarters,founding_year,employee_count,target_lead_archetype,historical_conversion,market_cap_m,annual_revenue_m,prev_year_revenue_m,revenue_3yr_ago_m,ebitda_m,net_income_m,total_assets_m,total_liabilities_m,total_debt_m,total_equity_m,current_assets_m,current_liabilities_m,cash_and_equivalents_m,operating_cash_flow_m,capital_expenditures_m,rd_expense_m,news_date,news_source,event_type,headline,narrative_summary,signal_sentiment_score,revenue_velocity_yoy,revenue_cagr_3yr,debt_to_equity,debt_to_assets,current_ratio,quick_ratio,net_margin,ebitda_margin,free_cash_flow_m,fcf_margin,altman_z_score,credit_risk_tier,rd_intensity,log_market_cap,market_cap_tier,composite_growth_index
CORP_001,NovaScale AI Systems,NVSC,Technology,Enterprise AI & Cloud,"San Francisco, CA",2012,3099,high_growth,1,3386.3,727.55,469.6,303.94,153.66,78.67,2149.81,925.54,925.55,1224.27,1561.84,416.49,1014.78,125.03,35.72,100.65,2026-09-15,Bloomberg Institutional,Capital Raise & Growth Equity,NovaScale AI Systems Secures $140M in Growth Financing Led by Institutional Tech Investors,"Proceeds will be directly earmarked for scaling sales ops, modernizing data infrastructure, and integrating next-generation AI workflows across enterprise accounts.",0.9,0.5492972742759794,0.3376987727689962,0.756,0.4305,3.75,2.437,0.1081,0.2112,89.31,0.1228,5.48,Prime / Safe Zone,0.1383,8.128,Large Enterprise,8.49
CORP_002,Apex Cloud Dynamics,APXC,Technology,Hybrid Infrastructure,"Austin, TX",2007,2153,stable_mature,1,1486.57,402.66,336.64,312.73,60.39,44.08,1190.47,608.05,608.05,582.42,677.96,304.02,230.57,42.47,46.69,33.74,2026-09-15,SEC 8-K Filing,Executive Leadership Hire,Apex Cloud Dynamics Appoints Former Enterprise Sales VP as Chief Revenue Officer to Accelerate Global Expansion,Newly appointed CRO brings a mandate to double enterprise institutional contracts and overhaul digital prospecting pipelines across EMEA and North America.,0.85,0.19611454372623585,0.08790168175045321,1.044,0.5108,2.23,0.758,0.1095,0.15,-4.22,-0.0105,3.53,Prime / Safe Zone,0.0838,7.305,Mid-Market,4.22
CORP_003,OmniLogix Freight Tech,OLFT,Logistics,Autonomous Supply Chain,"Chicago, IL",2004,3330,high_growth,1,5484.98,626.3,375.8,257.92,161.72,78.61,968.87,391.82,391.82,577.05,555.41,176.32,362.51,143.11,37.43,133.19,2026-09-15,SEC 8-K Filing,Capital Raise & Growth Equity,OmniLogix Freight Tech Secures $140M in Growth Financing Led by Institutional Tech Investors,"Proceeds will be directly earmarked for scaling sales ops, modernizing data infrastructure, and integrating next-generation AI workflows across enterprise accounts.",0.9,0.6665779670037252,0.34410273207787756,0.679,0.4044,3.15,2.056,0.1255,0.2582,105.68,0.1687,5.5,Prime / Safe Zone,0.2127,8.61,Large Enterprise,9.17
CORP_004,Vanguard BioPharma,VGBP,Healthcare,Precision Therapeutics,"Boston, MA",2005,3281,high_growth,1,4711.9,820.96,505.61,253.4,244.11,193.04,1250.7,456.6,456.61,794.1,595.86,205.47,314.03,212.0,44.89,99.67,2026-09-15,Wall Street Journal,Strategic M&A Acquisition,Vanguard BioPharma Completes Strategic Acquisition of Automated Analytics Platform to Broaden B2B Footprint,"Transaction integrates complementary B2B analytics engines, creating urgent demand for vendor consolidation, cross-sell enablement, and institutional tooling.",0.78,0.6237020628547695,0.4796936006701953,0.575,0.3651,2.9,1.528,0.2351,0.2973,167.11,0.2036,5.69,Prime / Safe Zone,0.1214,8.458,Large Enterprise,9.24
CORP_005,Titanium Heavy Robotics,THRB,Industrial,Smart Manufacturing,"Detroit, MI",2004,3502,high_growth,1,5900.41,660.39,386.76,162.9,178.23,74.86,1262.72,367.17,367.18,895.55,639.44,165.23,363.44,154.15,58.5,135.31,2026-09-15,Wall Street Journal,Executive Leadership Hire,Titanium Heavy Robotics Appoints Former Enterprise Sales VP as Chief Revenue Officer to Accelerate Global Expansion,Newly appointed CRO brings a mandate to double enterprise institutional contracts and overhaul digital prospecting pipelines across EMEA and North America.,0.85,0.707493018926466,0.5945071389015082,0.41,0.2908,3.87,2.2,0.1134,0.2699,95.65,0.1448,6.17,Prime / Safe Zone,0.2049,8.683,Large Enterprise,10.54
CORP_006,Solaris CleanGrid,SLCL,Clean Energy,Grid Scale Storage,"Denver, CO",2012,3852,stable_mature,0,1702.44,543.96,487.46,426.81,129.75,53.32,1478.34,808.5,808.5,669.84,780.2,404.25,226.74,121.41,50.0,49.87,2026-09-15,Bloomberg Institutional,Strategic M&A Acquisition,Solaris CleanGrid Completes Strategic Acquisition of Automated Analytics Platform to Broaden B2B Footprint,"Transaction integrates complementary B2B analytics engines, creating urgent demand for vendor consolidation, cross-sell enablement, and institutional tooling.",0.78,0.11590694621097128,0.08420347012399887,1.207,0.5469,1.93,0.561,0.098,0.2385,71.41,0.1313,3.25,Prime / Safe Zone,0.0917,7.44,Mid-Market,3.63
CORP_007,FinPulse Global Payments,FPGL,Financial Services,Cross-Border Settlement,"New York, NY",2009,678,stressed,0,156.56,177.02,173.62,188.48,9.73,0.97,357.23,281.29,281.28,75.94,120.67,182.84,27.65,4.87,3.58,7.16,2026-09-15,SEC 8-K Filing,Cost Restructuring & Margin Squeeze,FinPulse Global Payments Initiates Strategic Cost Review Amid Rising Debt Service and Supply Chain Bottlenecks,"Company reports shrinking operating margins and elevated leverage, prioritizing efficiency tooling, unit-economic optimization, and vendor rationalization.",-0.35,0.019582997350535685,-0.02069263405516153,3.704,0.7874,0.66,0.151,0.0055,0.055,1.29,0.0073,-0.67,High Risk / Distress,0.0404,5.06,Small-Cap / Growth,0.07
CORP_008,QuantumCore Security,QCSE,Technology,Zero-Trust Cybersecurity,"Seattle, WA",2019,1315,high_growth,1,1692.0,301.57,197.22,103.26,58.2,40.88,903.69,220.63,220.63,683.06,392.16,99.28,188.25,60.7,18.26,37.19,2026-09-15,Bloomberg Institutional,Capital Raise & Growth Equity,QuantumCore Security Secures $140M in Growth Financing Led by Institutional Tech Investors,"Proceeds will be directly earmarked for scaling sales ops, modernizing data infrastructure, and integrating next-generation AI workflows across enterprise accounts.",0.9,0.5291045532907412,0.4293941655954472,0.323,0.2441,3.95,1.896,0.1356,0.193,42.44,0.1407,5.96,Prime / Safe Zone,0.1233,7.434,Mid-Market,9.11
CORP_009,AeroDynamics Avionics,ADAV,Industrial,Commercial Aerospace Systems,"Dallas, TX",2003,5051,stable_mature,0,2479.83,832.52,723.43,545.4,138.31,98.45,1626.32,825.57,825.57,800.75,837.96,412.79,349.48,107.91,52.5,43.66,2026-09-15,Wall Street Journal,Executive Leadership Hire,AeroDynamics Avionics Appoints Former Enterprise Sales VP as Chief Revenue Officer to Accelerate Global Expansion,Newly appointed CRO brings a mandate to double enterprise institutional contracts and overhaul digital prospecting pipelines across EMEA and North America.,0.85,0.1507955158066434,0.15140076583471562,1.031,0.5076,2.03,0.847,0.1183,0.1661,55.41,0.0666,3.5,Prime / Safe Zone,0.0524,7.816,Large Enterprise,4.03
CORP_010,Veritas Health Informatics,VRHI,Healthcare,Clinical AI Diagnostics,"Philadelphia, PA",2017,1707,stressed,0,553.53,415.49,470.49,420.52,0.11,4.63,863.11,645.37,645.38,217.74,310.42,419.49,43.05,0.06,16.54,21.89,2026-09-15,SEC 8-K Filing,Cost Restructuring & Margin Squeeze,Veritas Health Informatics Initiates Strategic Cost Review Amid Rising Debt Service and Supply Chain Bottlenecks,"Company reports shrinking operating margins and elevated leverage, prioritizing efficiency tooling, unit-economic optimization, and vendor rationalization.",-0.35,-0.11689940275032412,-0.004003130721156989,2.964,0.7477,0.74,0.103,0.0111,0.0003,-16.48,-0.0397,-0.46,High Risk / Distress,0.0527,6.318,Mid-Market,0.06
CORP_011,Nexus Retail Solutions,NXRS,Retail & E-Commerce,Omnichannel Point-of-Sale,"Atlanta, GA",2002,1654,stressed,0,590.89,548.22,565.0,624.9,-2.52,-10.07,703.99,604.53,604.52,99.46,451.88,392.94,56.14,-1.26,25.74,24.26,2026-09-15,Bloomberg Institutional,Cost Restructuring & Margin Squeeze,Nexus Retail Solutions Initiates Strategic Cost Review Amid Rising Debt Service and Supply Chain Bottlenecks,"Company reports shrinking operating margins and elevated leverage, prioritizing efficiency tooling, unit-economic optimization, and vendor rationalization.",-0.35,-0.02969911504424774,-0.04269987223457339,6.078,0.8587,1.15,0.143,-0.0184,-0.0046,-27.0,-0.0493,0.65,High Risk / Distress,0.0443,6.383,Mid-Market,0.44
CORP_012,Hyperion Datacenters,HYDC,Technology,Edge Computing Facilities,"Phoenix, AZ",2011,2395,high_growth,1,5393.26,575.45,360.58,163.47,129.39,114.92,1596.2,383.28,383.28,1212.92,555.39,172.48,331.73,119.1,25.71,90.21,2026-09-15,Bloomberg Institutional,Enterprise Cloud Transformation,Hyperion Datacenters Unveils Multi-Year $80M Digital Modernization Initiative Across Core Operations,"Executive board approves major capital spend focused on enterprise software, automated risk evaluation, and modern customer intelligence platforms.",0.82,0.5959010483110546,0.521212354696788,0.316,0.2401,3.22,1.923,0.1997,0.2249,93.39,0.1623,5.68,Prime / Safe Zone,0.1568,8.593,Large Enterprise,9.06
CORP_013,IronClad Supply Logistics,ICSL,Logistics,Cold-Chain Fleet Automation,"Minneapolis, MN",2005,8941,stable_mature,1,3129.63,1688.5,1444.15,1200.88,343.54,167.84,4892.1,2284.37,2284.37,2607.73,2272.94,1142.18,648.75,321.25,197.17,177.11,2026-09-15,Bloomberg Institutional,Regulatory Compliance Mandate,IronClad Supply Logistics Faces Heightened Scrutiny Under New Federal Data Transparency and Reporting Standards,Compliance deadlines are accelerating urgency to adopt institutional audit-grade software solutions with verifiable data governance and risk tracking.,0.4,0.16919987535920777,0.12029866300717362,0.876,0.467,1.99,0.568,0.0994,0.2035,124.08,0.0735,3.3,Prime / Safe Zone,0.1049,8.049,Large Enterprise,3.86
CORP_014,Synapse BioEngineering,SNPB,Healthcare,Synthetic Biology Platforms,"San Diego, CA",2000,12012,stable_mature,1,8984.92,2456.73,2314.83,1862.49,395.53,200.17,8306.27,4419.39,4419.38,3886.88,3933.27,2209.7,1038.71,297.53,238.25,175.7,2026-09-15,SEC 8-K Filing,Strategic M&A Acquisition,Synapse BioEngineering Completes Strategic Acquisition of Automated Analytics Platform to Broaden B2B Footprint,"Transaction integrates complementary B2B analytics engines, creating urgent demand for vendor consolidation, cross-sell enablement, and institutional tooling.",0.78,0.06130039786939002,0.09669995719545854,1.137,0.5321,1.78,0.47,0.0815,0.161,59.28,0.0241,2.68,Prime / Safe Zone,0.0715,9.103,Large Enterprise,2.84
CORP_015,BlueRidge Commercial Banking,BRCB,Financial Services,Commercial Lending,"Charlotte, NC",2008,7618,stable_mature,0,5916.07,1859.6,1641.45,1414.05,346.21,149.69,3961.44,2200.8,2200.8,1760.64,1606.58,1100.4,424.44,276.69,99.59,191.91,2026-09-15,Wall Street Journal,Strategic M&A Acquisition,BlueRidge Commercial Banking Completes Strategic Acquisition of Automated Analytics Platform to Broaden B2B Footprint,"Transaction integrates complementary B2B analytics engines, creating urgent demand for vendor consolidation, cross-sell enablement, and institutional tooling.",0.78,0.13290078893661084,0.09559890735347998,1.25,0.5556,1.46,0.386,0.0805,0.1862,177.1,0.0952,2.39,Moderate Risk,0.1032,8.686,Large Enterprise,2.71
CORP_016,Zenith Agritech Systems,ZNAG,Clean Energy,Precision Irrigation & Soil AI,"Des Moines, IA",2019,3109,high_growth,1,3734.77,610.39,482.41,281.84,210.29,91.82,1485.89,286.62,286.63,1199.27,466.91,128.98,198.72,160.98,40.63,106.25,2026-09-15,SEC 8-K Filing,Enterprise Cloud Transformation,Zenith Agritech Systems Unveils Multi-Year $80M Digital Modernization Initiative Across Core Operations,"Executive board approves major capital spend focused on enterprise software, automated risk evaluation, and modern customer intelligence platforms.",0.82,0.26529300802222167,0.29380331610850874,0.239,0.1929,3.62,1.541,0.1504,0.3445,120.35,0.1972,7.04,Prime / Safe Zone,0.1741,8.226,Large Enterprise,8.91
CORP_017,Cobalt Industrial Tools,CBIT,Industrial,Predictive Tooling Sensors,"Cleveland, OH",2016,12933,stable_mature,1,5532.78,2049.41,1879.16,1487.63,304.6,127.12,4292.69,2619.78,2619.78,1672.91,2881.76,1309.89,810.6,232.28,181.26,190.34,2026-09-15,Wall Street Journal,Regulatory Compliance Mandate,Cobalt Industrial Tools Faces Heightened Scrutiny Under New Federal Data Transparency and Reporting Standards,Compliance deadlines are accelerating urgency to adopt institutional audit-grade software solutions with verifiable data governance and risk tracking.,0.4,0.09059899103854901,0.11269970874229296,1.566,0.6103,2.2,0.619,0.062,0.1486,51.02,0.0249,3.65,Prime / Safe Zone,0.0929,8.619,Large Enterprise,3.98
CORP_018,CipherGuard Identity,CPGD,Technology,Decentralized IAM,"San Jose, CA",2002,9310,stable_mature,1,3109.89,1645.79,1478.83,1271.9,294.85,198.53,5355.87,2229.27,2229.27,3126.6,1660.8,1114.63,648.93,241.35,93.56,130.84,2026-09-15,Wall Street Journal,Strategic M&A Acquisition,CipherGuard Identity Completes Strategic Acquisition of Automated Analytics Platform to Broaden B2B Footprint,"Transaction integrates complementary B2B analytics engines, creating urgent demand for vendor consolidation, cross-sell enablement, and institutional tooling.",0.78,0.11290006288755303,0.08970050112451422,0.713,0.4162,1.49,0.582,0.1206,0.1792,147.79,0.0898,2.63,Prime / Safe Zone,0.0795,8.043,Large Enterprise,2.93
CORP_019,Pacifica Marine Freight,PCMF,Logistics,Maritime Routing Systems,"Long Beach, CA",2019,2892,high_growth,1,3254.59,647.13,508.47,226.68,197.49,110.3,1594.29,683.27,683.26,911.02,1106.89,307.47,451.56,182.82,56.31,114.9,2026-09-15,Wall Street Journal,Capital Raise & Growth Equity,Pacifica Marine Freight Secures $140M in Growth Financing Led by Institutional Tech Investors,"Proceeds will be directly earmarked for scaling sales ops, modernizing data infrastructure, and integrating next-generation AI workflows across enterprise accounts.",0.9,0.2727004543040887,0.4185983265333102,0.75,0.4286,3.6,1.469,0.1704,0.3052,126.51,0.1955,5.75,Prime / Safe Zone,0.1776,8.088,Large Enterprise,7.32
CORP_020,AuraCare Telehealth,ARCR,Healthcare,Virtual Care Infrastructure,"Nashville, TN",2009,1299,stressed,0,312.98,280.77,271.91,264.89,-6.89,-30.97,356.91,263.31,263.3,93.6,99.27,171.15,14.68,-3.44,12.73,5.88,2026-09-15,Bloomberg Institutional,Cost Restructuring & Margin Squeeze,AuraCare Telehealth Initiates Strategic Cost Review Amid Rising Debt Service and Supply Chain Bottlenecks,"Company reports shrinking operating margins and elevated leverage, prioritizing efficiency tooling, unit-economic optimization, and vendor rationalization.",-0.35,0.03258431098525231,0.019596602292901277,2.813,0.7377,0.58,0.086,-0.1103,-0.0245,-16.17,-0.0576,-1.36,High Risk / Distress,0.0209,5.749,Small-Cap / Growth,0.07
CORP_021,Strata Wealth Tech,STWT,Financial Services,Automated Asset Allocation,"Miami, FL",2008,3878,high_growth,1,6442.53,848.3,524.45,216.18,200.54,105.9,1745.82,703.54,703.54,1042.28,1364.5,316.59,863.62,170.91,73.41,174.62,2026-09-15,Bloomberg Institutional,Strategic M&A Acquisition,Strata Wealth Tech Completes Strategic Acquisition of Automated Analytics Platform to Broaden B2B Footprint,"Transaction integrates complementary B2B analytics engines, creating urgent demand for vendor consolidation, cross-sell enablement, and institutional tooling.",0.78,0.6175040518638572,0.5772891583562239,0.675,0.403,4.31,2.728,0.1248,0.2364,97.5,0.1149,6.46,Prime / Safe Zone,0.2058,8.771,Large Enterprise,10.45
CORP_022,PulseWave Telecommunications,PWTEL,Technology,5G Private Campus Networks,"Reston, VA",2014,2283,high_growth,1,3718.81,539.36,324.29,197.24,193.69,83.32,1577.68,215.26,215.26,1362.42,393.29,96.87,269.48,178.59,38.61,88.91,2026-09-15,SEC 8-K Filing,Capital Raise & Growth Equity,PulseWave Telecommunications Secures $140M in Growth Financing Led by Institutional Tech Investors,"Proceeds will be directly earmarked for scaling sales ops, modernizing data infrastructure, and integrating next-generation AI workflows across enterprise accounts.",0.9,0.6632026889512472,0.39838872538598324,0.158,0.1364,4.06,2.782,0.1545,0.3591,139.98,0.2595,8.88,Prime / Safe Zone,0.1648,8.221,Large Enterprise,14.77
CORP_023,GeoThermal Frontier,GTFR,Clean Energy,Deep Well Baseload Power,"Reno, NV",2013,1554,stressed,0,296.99,490.6,565.66,530.29,-20.86,-21.13,658.87,532.41,532.4,126.46,366.83,346.07,78.58,-10.43,18.91,11.8,2026-09-15,Reuters Tech,Cost Restructuring & Margin Squeeze,GeoThermal Frontier Initiates Strategic Cost Review Amid Rising Debt Service and Supply Chain Bottlenecks,"Company reports shrinking operating margins and elevated leverage, prioritizing efficiency tooling, unit-economic optimization, and vendor rationalization.",-0.35,-0.1326945514973658,-0.025598294412244926,4.21,0.8081,1.06,0.227,-0.0431,-0.0425,-29.34,-0.0598,0.14,High Risk / Distress,0.0241,5.697,Small-Cap / Growth,0.08
CORP_024,Kinetics Heavy Machining,KHM,Industrial,High-Tolerance Turbine Parts,"Pittsburgh, PA",1999,470,stressed,0,144.07,122.3,141.21,112.41,-0.16,-8.33,192.78,164.14,164.16,28.64,130.16,106.69,14.65,-0.08,5.3,5.18,2026-09-15,Wall Street Journal,Cost Restructuring & Margin Squeeze,Kinetics Heavy Machining Initiates Strategic Cost Review Amid Rising Debt Service and Supply Chain Bottlenecks,"Company reports shrinking operating margins and elevated leverage, prioritizing efficiency tooling, unit-economic optimization, and vendor rationalization.",-0.35,-0.13391402875150493,0.02850680556820606,5.7318,0.8515,1.22,0.137,-0.0681,-0.0013,-5.38,-0.044,0.84,High Risk / Distress,0.0424,4.977,Small-Cap / Growth,0.51
CORP_025,Sovereign Trade Finance,STFN,Financial Services,Letter of Credit Automation,"New York, NY",2015,3015,high_growth,1,3721.5,508.99,398.21,219.3,103.58,97.16,981.62,394.53,394.52,587.09,683.53,177.54,451.53,84.63,44.87,61.7,2026-09-15,Reuters Tech,Strategic M&A Acquisition,Sovereign Trade Finance Completes Strategic Acquisition of Automated Analytics Platform to Broaden B2B Footprint,"Transaction integrates complementary B2B analytics engines, creating urgent demand for vendor consolidation, cross-sell enablement, and institutional tooling.",0.78,0.2781949222771905,0.32400677096382413,0.672,0.4019,3.85,2.543,0.1909,0.2035,39.76,0.0781,5.98,Prime / Safe Zone,0.1212,8.222,Large Enterprise,7.64
CORP_026,MedMatrix Surgical,MMXS,Healthcare,Minimally Invasive Robotics,"San Jose, CA",2002,801,stressed,0,178.93,211.55,215.41,264.45,-6.01,-18.96,409.79,320.84,320.84,88.95,248.17,208.55,58.89,-3.0,10.32,4.72,2026-09-15,Reuters Tech,Cost Restructuring & Margin Squeeze,MedMatrix Surgical Initiates Strategic Cost Review Amid Rising Debt Service and Supply Chain Bottlenecks,"Company reports shrinking operating margins and elevated leverage, prioritizing efficiency tooling, unit-economic optimization, and vendor rationalization.",-0.35,-0.01791931665196595,-0.07169686005619336,3.607,0.7829,1.19,0.282,-0.0896,-0.0284,-13.32,-0.063,0.68,High Risk / Distress,0.0223,5.193,Small-Cap / Growth,0.47
CORP_027,FreightForge Warehousing,FFWH,Logistics,Automated Micro-Fulfillment,"Indianapolis, IN",2005,2196,high_growth,1,4382.2,413.28,268.05,184.34,154.93,98.39,1044.4,407.18,407.18,637.22,626.65,183.23,281.23,158.54,33.53,88.85,2026-09-15,SEC 8-K Filing,Capital Raise & Growth Equity,FreightForge Warehousing Secures $140M in Growth Financing Led by Institutional Tech Investors,"Proceeds will be directly earmarked for scaling sales ops, modernizing data infrastructure, and integrating next-generation AI workflows across enterprise accounts.",0.9,0.5418019026301062,0.3088049691665926,0.639,0.3899,3.42,1.535,0.2381,0.3749,125.01,0.3025,5.73,Prime / Safe Zone,0.215,8.386,Large Enterprise,8.83
CORP_028,EcoPack Materials Group,EPMG,Clean Energy,Biodegradable Packaging,"Portland, OR",2010,501,stressed,1,206.52,165.71,178.55,163.01,2.06,2.97,293.15,233.87,233.86,59.28,152.02,152.02,16.65,1.03,3.5,4.2,2026-09-15,Bloomberg Institutional,Cost Restructuring & Margin Squeeze,EcoPack Materials Group Initiates Strategic Cost Review Amid Rising Debt Service and Supply Chain Bottlenecks,"Company reports shrinking operating margins and elevated leverage, prioritizing efficiency tooling, unit-economic optimization, and vendor rationalization.",-0.35,-0.07191262951554188,0.005490928195964084,3.945,0.7977,1.0,0.11,0.0179,0.0124,-2.47,-0.0149,0.35,High Risk / Distress,0.0253,5.335,Small-Cap / Growth,0.23
CORP_029,OmniChannel Direct,OCDR,Retail & E-Commerce,AI Demand Forecasting,"Los Angeles, CA",2003,1962,stressed,1,414.62,554.85,577.25,555.02,26.87,-37.23,780.8,602.86,602.86,177.94,274.3,391.86,63.56,13.44,23.7,12.14,2026-09-15,Reuters Tech,Cost Restructuring & Margin Squeeze,OmniChannel Direct Initiates Strategic Cost Review Amid Rising Debt Service and Supply Chain Bottlenecks,"Company reports shrinking operating margins and elevated leverage, prioritizing efficiency tooling, unit-economic optimization, and vendor rationalization.",-0.35,-0.03880467734950191,-0.0001021088487417332,3.388,0.7721,0.7,0.162,-0.0671,0.0484,-10.26,-0.0185,-0.6,High Risk / Distress,0.0219,6.03,Small-Cap / Growth,0.07
CORP_030,Vector Aerospace Avionics,VRAV,Industrial,Defense Navigation Sensors,"Huntsville, AL",2015,13189,stable_mature,1,6882.55,2174.8,1919.84,1518.1,514.19,200.69,6517.74,2938.53,2938.53,3579.21,2424.3,1469.27,709.33,377.46,110.95,154.49,2026-09-15,Wall Street Journal,Strategic M&A Acquisition,Vector Aerospace Avionics Completes Strategic Acquisition of Automated Analytics Platform to Broaden B2B Footprint,"Transaction integrates complementary B2B analytics engines, creating urgent demand for vendor consolidation, cross-sell enablement, and institutional tooling.",0.78,0.13280273356113023,0.1273003660449099,0.821,0.4509,1.65,0.483,0.0923,0.2364,266.51,0.1225,2.87,Prime / Safe Zone,0.071,8.837,Large Enterprise,3.25
CORP_031,Starlight Satellite Networks,SLSN,Technology,LEO Satellite Broadband,"Boulder, CO",2003,7789,stable_mature,1,4511.17,1292.0,1088.83,981.9,255.29,149.63,2471.08,1448.71,1448.7,1022.37,1426.99,724.36,369.84,218.32,96.02,80.81,2026-09-15,Wall Street Journal,Enterprise Cloud Transformation,Starlight Satellite Networks Unveils Multi-Year $80M Digital Modernization Initiative Across Core Operations,"Executive board approves major capital spend focused on enterprise software, automated risk evaluation, and modern customer intelligence platforms.",0.82,0.1865947852281808,0.09580114832622866,1.417,0.5863,1.97,0.511,0.1158,0.1976,122.3,0.0947,3.5,Prime / Safe Zone,0.0625,8.415,Large Enterprise,4.15
CORP_032,Centurion Underwriting,CNUN,Financial Services,Parametric Risk Insurance,"Hartford, CT",2008,894,high_growth,1,1397.78,235.23,149.79,96.18,58.6,53.06,367.27,119.45,119.45,247.82,195.11,53.75,87.93,48.85,11.49,30.31,2026-09-15,Reuters Tech,Executive Leadership Hire,Centurion Underwriting Appoints Former Enterprise Sales VP as Chief Revenue Officer to Accelerate Global Expansion,Newly appointed CRO brings a mandate to double enterprise institutional contracts and overhaul digital prospecting pipelines across EMEA and North America.,0.85,0.5703985579811737,0.34731551816611095,0.482,0.3252,3.63,1.636,0.2256,0.2491,37.36,0.1588,6.25,Prime / Safe Zone,0.1289,7.243,Mid-Market,9.81
CORP_033,Integra Diagnostic Labs,INDL,Healthcare,High-Throughput Sequencing,"Raleigh, NC",2010,1582,high_growth,1,4260.75,386.91,298.52,124.84,122.87,66.41,629.42,129.88,129.88,499.54,172.43,58.45,99.87,128.51,25.86,82.18,2026-09-15,Reuters Tech,Capital Raise & Growth Equity,Integra Diagnostic Labs Secures $140M in Growth Financing Led by Institutional Tech Investors,"Proceeds will be directly earmarked for scaling sales ops, modernizing data infrastructure, and integrating next-generation AI workflows across enterprise accounts.",0.9,0.2960940640493101,0.4579816729008488,0.26,0.2063,2.95,1.709,0.1716,0.3176,102.65,0.2653,6.88,Prime / Safe Zone,0.2124,8.357,Large Enterprise,8.92
CORP_034,Velocity Parcel Logistics,VPLG,Logistics,Last-Mile Drone Delivery,"Memphis, TN",2011,2695,stable_mature,0,1671.18,625.03,584.14,419.11,145.56,74.98,1236.48,520.51,520.51,715.97,551.73,260.25,219.3,108.53,55.93,62.78,2026-09-15,Bloomberg Institutional,Executive Leadership Hire,Velocity Parcel Logistics Appoints Former Enterprise Sales VP as Chief Revenue Officer to Accelerate Global Expansion,Newly appointed CRO brings a mandate to double enterprise institutional contracts and overhaul digital prospecting pipelines across EMEA and North America.,0.85,0.07000034238367513,0.14250369482264946,0.727,0.421,2.12,0.843,0.12,0.2329,52.6,0.0842,3.98,Prime / Safe Zone,0.1004,7.422,Mid-Market,4.26
CORP_035,TerraFirma Solid Battery,TFSB,Clean Energy,Lithium-Sulfur Cells,"Salt Lake City, UT",2001,5575,stable_mature,0,2847.2,1081.23,942.41,774.77,220.85,128.61,2566.47,1400.95,1400.96,1165.52,1386.95,700.48,596.29,188.14,72.56,86.38,2026-09-15,Bloomberg Institutional,Executive Leadership Hire,TerraFirma Solid Battery Appoints Former Enterprise Sales VP as Chief Revenue Officer to Accelerate Global Expansion,Newly appointed CRO brings a mandate to double enterprise institutional contracts and overhaul digital prospecting pipelines across EMEA and North America.,0.85,0.147303190755616,0.11750231223460705,1.202,0.5459,1.98,0.851,0.1189,0.2043,115.58,0.1069,3.37,Prime / Safe Zone,0.0799,7.954,Large Enterprise,3.87
CORP_036,Foundry Precision Castings,FDRP,Industrial,Additive Metallurgy,"Milwaukee, WI",2020,3116,high_growth,1,5105.62,524.88,313.29,232.15,179.07,56.58,1572.48,668.76,668.75,903.72,695.17,300.94,465.06,165.25,45.07,63.26,2026-09-15,Reuters Tech,Strategic M&A Acquisition,Foundry Precision Castings Completes Strategic Acquisition of Automated Analytics Platform to Broaden B2B Footprint,"Transaction integrates complementary B2B analytics engines, creating urgent demand for vendor consolidation, cross-sell enablement, and institutional tooling.",0.78,0.6753806377477735,0.3124933518192352,0.74,0.4253,2.31,1.545,0.1078,0.3412,120.18,0.229,3.95,Prime / Safe Zone,0.1205,8.538,Large Enterprise,6.62
CORP_037,CloudNine SaaS ERP,CNERP,Technology,Mid-Market Financial Cloud,"San Mateo, CA",2012,1742,stressed,0,349.93,358.22,380.84,345.42,-8.36,5.56,683.21,575.02,575.03,108.19,299.01,373.76,64.34,-4.18,8.1,14.42,2026-09-15,Reuters Tech,Cost Restructuring & Margin Squeeze,CloudNine SaaS ERP Initiates Strategic Cost Review Amid Rising Debt Service and Supply Chain Bottlenecks,"Company reports shrinking operating margins and elevated leverage, prioritizing efficiency tooling, unit-economic optimization, and vendor rationalization.",-0.35,-0.059395021531351615,0.012202603208937068,5.315,0.8417,0.8,0.172,0.0155,-0.0233,-12.28,-0.0343,-0.58,High Risk / Distress,0.0403,5.861,Small-Cap / Growth,0.07
CORP_038,Beacon Credit Union Tech,BCUT,Financial Services,Open Banking Core APIs,"Columbus, OH",2007,2601,high_growth,0,4630.77,575.34,377.4,231.47,182.33,64.61,1386.08,274.55,274.55,1111.53,280.46,123.55,179.01,142.58,47.49,111.96,2026-09-15,Reuters Tech,Enterprise Cloud Transformation,Beacon Credit Union Tech Unveils Multi-Year $80M Digital Modernization Initiative Across Core Operations,"Executive board approves major capital spend focused on enterprise software, automated risk evaluation, and modern customer intelligence platforms.",0.82,0.5244833068362482,0.3545965103298727,0.247,0.1981,2.27,1.449,0.1123,0.3169,95.09,0.1653,6.03,Prime / Safe Zone,0.1946,8.441,Large Enterprise,9.19
CORP_039,CarePoint Specialty Clinics,CPSC,Healthcare,Outpatient Network Operations,"Houston, TX",2000,4629,high_growth,1,5243.06,888.95,551.87,406.68,298.96,191.93,1647.7,664.0,664.0,983.7,1257.95,298.8,742.35,305.64,49.61,158.97,2026-09-15,SEC 8-K Filing,Strategic M&A Acquisition,CarePoint Specialty Clinics Completes Strategic Acquisition of Automated Analytics Platform to Broaden B2B Footprint,"Transaction integrates complementary B2B analytics engines, creating urgent demand for vendor consolidation, cross-sell enablement, and institutional tooling.",0.78,0.6107960208020006,0.29780120519856146,0.675,0.403,4.21,2.484,0.2159,0.3363,256.03,0.288,6.97,Prime / Safe Zone,0.1788,8.565,Large Enterprise,11.23
CORP_040,Summit Cold Storage,SMCS,Logistics,Temperature-Controlled Hubs,"Kansas City, MO",2003,10524,stable_mature,1,4454.03,1487.52,1333.14,1032.84,266.4,135.84,3768.78,2039.19,2039.19,1729.59,1549.79,1019.6,490.61,235.13,146.61,89.26,2026-09-15,Wall Street Journal,Enterprise Cloud Transformation,Summit Cold Storage Unveils Multi-Year $80M Digital Modernization Initiative Across Core Operations,"Executive board approves major capital spend focused on enterprise software, automated risk evaluation, and modern customer intelligence platforms.",0.82,0.11580179125973257,0.1293015430071982,1.179,0.5411,1.52,0.481,0.0913,0.1791,88.52,0.0595,2.41,Moderate Risk,0.06,8.402,Large Enterprise,2.69
CORP_041,PureWater Desalination,PWDS,Clean Energy,Reverse Osmosis Systems,"San Antonio, TX",2003,11515,stable_mature,1,3962.23,1955.29,1691.43,1274.3,304.52,149.31,5302.78,3039.54,3039.53,2263.24,3009.14,1519.77,980.27,247.96,180.43,156.69,2026-09-15,Bloomberg Institutional,Strategic M&A Acquisition,PureWater Desalination Completes Strategic Acquisition of Automated Analytics Platform to Broaden B2B Footprint,"Transaction integrates complementary B2B analytics engines, creating urgent demand for vendor consolidation, cross-sell enablement, and institutional tooling.",0.78,0.15599817905559196,0.153399694425427,1.343,0.5732,1.98,0.645,0.0764,0.1557,67.53,0.0345,3.1,Prime / Safe Zone,0.0801,8.285,Large Enterprise,3.58
CORP_042,ProCraft Industrial Coatings,PCIC,Industrial,Corrosion-Resistant Polymers,"Cincinnati, OH",2016,7422,stable_mature,0,5144.71,1826.69,1614.54,1409.76,325.2,136.14,6229.71,3755.64,3755.64,2474.07,3624.19,1877.82,1017.2,275.3,156.02,158.35,2026-09-15,SEC 8-K Filing,Regulatory Compliance Mandate,ProCraft Industrial Coatings Faces Heightened Scrutiny Under New Federal Data Transparency and Reporting Standards,Compliance deadlines are accelerating urgency to adopt institutional audit-grade software solutions with verifiable data governance and risk tracking.,0.4,0.1313996556294673,0.09020094914759214,1.518,0.6029,1.93,0.542,0.0745,0.178,119.28,0.0653,2.95,Prime / Safe Zone,0.0867,8.546,Large Enterprise,3.34
CORP_043,Synthetix Machine Vision,SYMV,Technology,Autonomous Quality Inspection,"Santa Clara, CA",2002,1818,stressed,0,746.09,559.7,568.57,680.79,13.95,-19.62,923.97,744.17,744.19,179.8,536.92,483.71,62.81,6.97,27.73,29.98,2026-09-15,Wall Street Journal,Regulatory Compliance Mandate,Synthetix Machine Vision Faces Heightened Scrutiny Under New Federal Data Transparency and Reporting Standards,Compliance deadlines are accelerating urgency to adopt institutional audit-grade software solutions with verifiable data governance and risk tracking.,0.4,-0.0156005417099038,-0.06319892660034221,4.139,0.8054,1.11,0.13,-0.0351,0.0249,-20.76,-0.0371,0.66,High Risk / Distress,0.0536,6.616,Mid-Market,0.45
CORP_044,Meridian Merchant Services,MDMS,Financial Services,POS Hardware & Merchant Rails,"Scottsdale, AZ",2012,2089,high_growth,1,5142.85,451.17,353.19,163.02,153.66,45.41,911.15,252.33,252.33,658.82,371.31,113.55,187.17,149.24,28.25,64.27,2026-09-15,Wall Street Journal,Executive Leadership Hire,Meridian Merchant Services Appoints Former Enterprise Sales VP as Chief Revenue Officer to Accelerate Global Expansion,Newly appointed CRO brings a mandate to double enterprise institutional contracts and overhaul digital prospecting pipelines across EMEA and North America.,0.85,0.27741442283190354,0.40399784679657924,0.383,0.2769,3.27,1.648,0.1006,0.3406,120.99,0.2682,5.89,Prime / Safe Zone,0.1425,8.546,Large Enterprise,7.52
CORP_045,GeneThera Biologics,GTBL,Healthcare,Adeno-Associated Virus Vectors,"Cambridge, MA",2018,3225,high_growth,1,4937.36,879.32,614.39,263.27,269.47,89.54,1865.86,709.81,709.81,1156.05,971.01,319.41,413.27,282.69,57.25,157.87,2026-09-15,Wall Street Journal,Executive Leadership Hire,GeneThera Biologics Appoints Former Enterprise Sales VP as Chief Revenue Officer to Accelerate Global Expansion,Newly appointed CRO brings a mandate to double enterprise institutional contracts and overhaul digital prospecting pipelines across EMEA and North America.,0.85,0.4312081902374714,0.4947957667656697,0.614,0.3804,3.04,1.294,0.1018,0.3065,225.44,0.2564,5.13,Prime / Safe Zone,0.1795,8.505,Large Enterprise,7.34
CORP_046,SwiftMile Intermodal,SMIM,Logistics,Rail-to-Truck Transloading,"Omaha, NE",2014,666,high_growth,1,1128.41,150.34,101.17,45.54,29.04,31.36,351.71,111.96,111.96,239.75,174.82,50.38,78.07,23.36,12.49,32.26,2026-09-15,SEC 8-K Filing,Capital Raise & Growth Equity,SwiftMile Intermodal Secures $140M in Growth Financing Led by Institutional Tech Investors,"Proceeds will be directly earmarked for scaling sales ops, modernizing data infrastructure, and integrating next-generation AI workflows across enterprise accounts.",0.9,0.4860136404072354,0.4889970587355985,0.467,0.3183,3.47,1.55,0.2086,0.1932,10.87,0.0723,5.42,Prime / Safe Zone,0.2146,7.029,Mid-Market,8.05
CORP_047,GreenVolt Hydrogen Systems,GVHS,Clean Energy,PEM Electrolyzer Stacks,"Houston, TX",2020,515,stressed,0,95.7,161.2,163.49,164.88,-7.49,-14.33,322.39,248.23,248.21,74.16,143.6,161.35,18.21,-3.75,6.38,4.76,2026-09-15,SEC 8-K Filing,Regulatory Compliance Mandate,GreenVolt Hydrogen Systems Faces Heightened Scrutiny Under New Federal Data Transparency and Reporting Standards,Compliance deadlines are accelerating urgency to adopt institutional audit-grade software solutions with verifiable data governance and risk tracking.,0.4,-0.014006972903541625,-0.007495800805432218,3.347,0.7699,0.89,0.113,-0.0889,-0.0465,-10.13,-0.0628,-0.35,High Risk / Distress,0.0295,4.572,Small-Cap / Growth,0.07
CORP_048,Borealis Specialty Alloys,BSAL,Industrial,Nickel-Titanium Shape Memory,"Allentown, PA",2013,1328,stressed,0,150.11,286.54,293.32,342.25,-3.41,1.57,395.84,281.2,281.21,114.64,115.15,182.78,21.59,-1.71,9.35,15.96,2026-09-15,Reuters Tech,Cost Restructuring & Margin Squeeze,Borealis Specialty Alloys Initiates Strategic Cost Review Amid Rising Debt Service and Supply Chain Bottlenecks,"Company reports shrinking operating margins and elevated leverage, prioritizing efficiency tooling, unit-economic optimization, and vendor rationalization.",-0.35,-0.0231146870312286,-0.057501647087501384,2.453,0.7104,0.63,0.118,0.0055,-0.0119,-11.06,-0.0386,-0.74,High Risk / Distress,0.0557,5.018,Small-Cap / Growth,0.1
CORP_049,DataVault Enterprise Cloud,DVEC,Technology,Sovereign Cloud Data Warehousing,"Arlington, VA",2020,1217,high_growth,1,1901.11,342.49,219.25,116.75,99.46,55.16,959.9,252.01,252.01,707.89,508.03,113.4,277.5,101.29,27.4,55.66,2026-09-15,Bloomberg Institutional,Capital Raise & Growth Equity,DataVault Enterprise Cloud Secures $140M in Growth Financing Led by Institutional Tech Investors,"Proceeds will be directly earmarked for scaling sales ops, modernizing data infrastructure, and integrating next-generation AI workflows across enterprise accounts.",0.9,0.5620980615735462,0.4315186224944376,0.356,0.2625,4.48,2.447,0.1611,0.2904,73.89,0.2157,6.53,Prime / Safe Zone,0.1625,7.551,Mid-Market,10.2
CORP_050,Apex Capital Lending Group,ACLG,Financial Services,Asset-Backed Equipment Finance,"Chicago, IL",2006,946,high_growth,1,1268.64,235.67,141.33,53.02,67.2,29.23,557.31,141.72,141.72,415.59,172.18,63.77,83.03,61.57,17.1,47.83,2026-09-15,Bloomberg Institutional,Executive Leadership Hire,Apex Capital Lending Group Appoints Former Enterprise Sales VP as Chief Revenue Officer to Accelerate Global Expansion,Newly appointed CRO brings a mandate to double enterprise institutional contracts and overhaul digital prospecting pipelines across EMEA and North America.,0.85,0.6675157432958322,0.6442008162531183,0.341,0.2543,2.7,1.302,0.124,0.2851,44.47,0.1887,5.34,Prime / Safe Zone,0.203,7.146,Mid-Market,8.9
