company_id,news_date,news_source,event_type,headline,narrative_summary,signal_sentiment_score
CORP_001,2026-09-15,Bloomberg Institutional,Capital Raise & Growth Equity,NovaScale AI Systems Secures $140M in Growth Financing Led by Institutional Tech Investors,"Proceeds will be directly earmarked for scaling sales ops, modernizing data infrastructure, and integrating next-generation AI workflows across enterprise accounts.",0.9
CORP_002,2026-09-15,SEC 8-K Filing,Executive Leadership Hire,Apex Cloud Dynamics Appoints Former Enterprise Sales VP as Chief Revenue Officer to Accelerate Global Expansion,Newly appointed CRO brings a mandate to double enterprise institutional contracts and overhaul digital prospecting pipelines across EMEA and North America.,0.85
CORP_003,2026-09-15,SEC 8-K Filing,Capital Raise & Growth Equity,OmniLogix Freight Tech Secures $140M in Growth Financing Led by Institutional Tech Investors,"Proceeds will be directly earmarked for scaling sales ops, modernizing data infrastructure, and integrating next-generation AI workflows across enterprise accounts.",0.9
CORP_004,2026-09-15,Wall Street Journal,Strategic M&A Acquisition,Vanguard BioPharma Completes Strategic Acquisition of Automated Analytics Platform to Broaden B2B Footprint,"Transaction integrates complementary B2B analytics engines, creating urgent demand for vendor consolidation, cross-sell enablement, and institutional tooling.",0.78
CORP_005,2026-09-15,Wall Street Journal,Executive Leadership Hire,Titanium Heavy Robotics Appoints Former Enterprise Sales VP as Chief Revenue Officer to Accelerate Global Expansion,Newly appointed CRO brings a mandate to double enterprise institutional contracts and overhaul digital prospecting pipelines across EMEA and North America.,0.85
CORP_006,2026-09-15,Bloomberg Institutional,Strategic M&A Acquisition,Solaris CleanGrid Completes Strategic Acquisition of Automated Analytics Platform to Broaden B2B Footprint,"Transaction integrates complementary B2B analytics engines, creating urgent demand for vendor consolidation, cross-sell enablement, and institutional tooling.",0.78
CORP_007,2026-09-15,SEC 8-K Filing,Cost Restructuring & Margin Squeeze,FinPulse Global Payments Initiates Strategic Cost Review Amid Rising Debt Service and Supply Chain Bottlenecks,"Company reports shrinking operating margins and elevated leverage, prioritizing efficiency tooling, unit-economic optimization, and vendor rationalization.",-0.35
CORP_008,2026-09-15,Bloomberg Institutional,Capital Raise & Growth Equity,QuantumCore Security Secures $140M in Growth Financing Led by Institutional Tech Investors,"Proceeds will be directly earmarked for scaling sales ops, modernizing data infrastructure, and integrating next-generation AI workflows across enterprise accounts.",0.9
CORP_009,2026-09-15,Wall Street Journal,Executive Leadership Hire,AeroDynamics Avionics Appoints Former Enterprise Sales VP as Chief Revenue Officer to Accelerate Global Expansion,Newly appointed CRO brings a mandate to double enterprise institutional contracts and overhaul digital prospecting pipelines across EMEA and North America.,0.85
CORP_010,2026-09-15,SEC 8-K Filing,Cost Restructuring & Margin Squeeze,Veritas Health Informatics Initiates Strategic Cost Review Amid Rising Debt Service and Supply Chain Bottlenecks,"Company reports shrinking operating margins and elevated leverage, prioritizing efficiency tooling, unit-economic optimization, and vendor rationalization.",-0.35
CORP_011,2026-09-15,Bloomberg Institutional,Cost Restructuring & Margin Squeeze,Nexus Retail Solutions Initiates Strategic Cost Review Amid Rising Debt Service and Supply Chain Bottlenecks,"Company reports shrinking operating margins and elevated leverage, prioritizing efficiency tooling, unit-economic optimization, and vendor rationalization.",-0.35
CORP_012,2026-09-15,Bloomberg Institutional,Enterprise Cloud Transformation,Hyperion Datacenters Unveils Multi-Year $80M Digital Modernization Initiative Across Core Operations,"Executive board approves major capital spend focused on enterprise software, automated risk evaluation, and modern customer intelligence platforms.",0.82
CORP_013,2026-09-15,Bloomberg Institutional,Regulatory Compliance Mandate,IronClad Supply Logistics Faces Heightened Scrutiny Under New Federal Data Transparency and Reporting Standards,Compliance deadlines are accelerating urgency to adopt institutional audit-grade software solutions with verifiable data governance and risk tracking.,0.4
CORP_014,2026-09-15,SEC 8-K Filing,Strategic M&A Acquisition,Synapse BioEngineering Completes Strategic Acquisition of Automated Analytics Platform to Broaden B2B Footprint,"Transaction integrates complementary B2B analytics engines, creating urgent demand for vendor consolidation, cross-sell enablement, and institutional tooling.",0.78
CORP_015,2026-09-15,Wall Street Journal,Strategic M&A Acquisition,BlueRidge Commercial Banking Completes Strategic Acquisition of Automated Analytics Platform to Broaden B2B Footprint,"Transaction integrates complementary B2B analytics engines, creating urgent demand for vendor consolidation, cross-sell enablement, and institutional tooling.",0.78
CORP_016,2026-09-15,SEC 8-K Filing,Enterprise Cloud Transformation,Zenith Agritech Systems Unveils Multi-Year $80M Digital Modernization Initiative Across Core Operations,"Executive board approves major capital spend focused on enterprise software, automated risk evaluation, and modern customer intelligence platforms.",0.82
CORP_017,2026-09-15,Wall Street Journal,Regulatory Compliance Mandate,Cobalt Industrial Tools Faces Heightened Scrutiny Under New Federal Data Transparency and Reporting Standards,Compliance deadlines are accelerating urgency to adopt institutional audit-grade software solutions with verifiable data governance and risk tracking.,0.4
CORP_018,2026-09-15,Wall Street Journal,Strategic M&A Acquisition,CipherGuard Identity Completes Strategic Acquisition of Automated Analytics Platform to Broaden B2B Footprint,"Transaction integrates complementary B2B analytics engines, creating urgent demand for vendor consolidation, cross-sell enablement, and institutional tooling.",0.78
CORP_019,2026-09-15,Wall Street Journal,Capital Raise & Growth Equity,Pacifica Marine Freight Secures $140M in Growth Financing Led by Institutional Tech Investors,"Proceeds will be directly earmarked for scaling sales ops, modernizing data infrastructure, and integrating next-generation AI workflows across enterprise accounts.",0.9
CORP_020,2026-09-15,Bloomberg Institutional,Cost Restructuring & Margin Squeeze,AuraCare Telehealth Initiates Strategic Cost Review Amid Rising Debt Service and Supply Chain Bottlenecks,"Company reports shrinking operating margins and elevated leverage, prioritizing efficiency tooling, unit-economic optimization, and vendor rationalization.",-0.35
CORP_021,2026-09-15,Bloomberg Institutional,Strategic M&A Acquisition,Strata Wealth Tech Completes Strategic Acquisition of Automated Analytics Platform to Broaden B2B Footprint,"Transaction integrates complementary B2B analytics engines, creating urgent demand for vendor consolidation, cross-sell enablement, and institutional tooling.",0.78
CORP_022,2026-09-15,SEC 8-K Filing,Capital Raise & Growth Equity,PulseWave Telecommunications Secures $140M in Growth Financing Led by Institutional Tech Investors,"Proceeds will be directly earmarked for scaling sales ops, modernizing data infrastructure, and integrating next-generation AI workflows across enterprise accounts.",0.9
CORP_023,2026-09-15,Reuters Tech,Cost Restructuring & Margin Squeeze,GeoThermal Frontier Initiates Strategic Cost Review Amid Rising Debt Service and Supply Chain Bottlenecks,"Company reports shrinking operating margins and elevated leverage, prioritizing efficiency tooling, unit-economic optimization, and vendor rationalization.",-0.35
CORP_024,2026-09-15,Wall Street Journal,Cost Restructuring & Margin Squeeze,Kinetics Heavy Machining Initiates Strategic Cost Review Amid Rising Debt Service and Supply Chain Bottlenecks,"Company reports shrinking operating margins and elevated leverage, prioritizing efficiency tooling, unit-economic optimization, and vendor rationalization.",-0.35
CORP_025,2026-09-15,Reuters Tech,Strategic M&A Acquisition,Sovereign Trade Finance Completes Strategic Acquisition of Automated Analytics Platform to Broaden B2B Footprint,"Transaction integrates complementary B2B analytics engines, creating urgent demand for vendor consolidation, cross-sell enablement, and institutional tooling.",0.78
CORP_026,2026-09-15,Reuters Tech,Cost Restructuring & Margin Squeeze,MedMatrix Surgical Initiates Strategic Cost Review Amid Rising Debt Service and Supply Chain Bottlenecks,"Company reports shrinking operating margins and elevated leverage, prioritizing efficiency tooling, unit-economic optimization, and vendor rationalization.",-0.35
CORP_027,2026-09-15,SEC 8-K Filing,Capital Raise & Growth Equity,FreightForge Warehousing Secures $140M in Growth Financing Led by Institutional Tech Investors,"Proceeds will be directly earmarked for scaling sales ops, modernizing data infrastructure, and integrating next-generation AI workflows across enterprise accounts.",0.9
CORP_028,2026-09-15,Bloomberg Institutional,Cost Restructuring & Margin Squeeze,EcoPack Materials Group Initiates Strategic Cost Review Amid Rising Debt Service and Supply Chain Bottlenecks,"Company reports shrinking operating margins and elevated leverage, prioritizing efficiency tooling, unit-economic optimization, and vendor rationalization.",-0.35
CORP_029,2026-09-15,Reuters Tech,Cost Restructuring & Margin Squeeze,OmniChannel Direct Initiates Strategic Cost Review Amid Rising Debt Service and Supply Chain Bottlenecks,"Company reports shrinking operating margins and elevated leverage, prioritizing efficiency tooling, unit-economic optimization, and vendor rationalization.",-0.35
CORP_030,2026-09-15,Wall Street Journal,Strategic M&A Acquisition,Vector Aerospace Avionics Completes Strategic Acquisition of Automated Analytics Platform to Broaden B2B Footprint,"Transaction integrates complementary B2B analytics engines, creating urgent demand for vendor consolidation, cross-sell enablement, and institutional tooling.",0.78
CORP_031,2026-09-15,Wall Street Journal,Enterprise Cloud Transformation,Starlight Satellite Networks Unveils Multi-Year $80M Digital Modernization Initiative Across Core Operations,"Executive board approves major capital spend focused on enterprise software, automated risk evaluation, and modern customer intelligence platforms.",0.82
CORP_032,2026-09-15,Reuters Tech,Executive Leadership Hire,Centurion Underwriting Appoints Former Enterprise Sales VP as Chief Revenue Officer to Accelerate Global Expansion,Newly appointed CRO brings a mandate to double enterprise institutional contracts and overhaul digital prospecting pipelines across EMEA and North America.,0.85
CORP_033,2026-09-15,Reuters Tech,Capital Raise & Growth Equity,Integra Diagnostic Labs Secures $140M in Growth Financing Led by Institutional Tech Investors,"Proceeds will be directly earmarked for scaling sales ops, modernizing data infrastructure, and integrating next-generation AI workflows across enterprise accounts.",0.9
CORP_034,2026-09-15,Bloomberg Institutional,Executive Leadership Hire,Velocity Parcel Logistics Appoints Former Enterprise Sales VP as Chief Revenue Officer to Accelerate Global Expansion,Newly appointed CRO brings a mandate to double enterprise institutional contracts and overhaul digital prospecting pipelines across EMEA and North America.,0.85
CORP_035,2026-09-15,Bloomberg Institutional,Executive Leadership Hire,TerraFirma Solid Battery Appoints Former Enterprise Sales VP as Chief Revenue Officer to Accelerate Global Expansion,Newly appointed CRO brings a mandate to double enterprise institutional contracts and overhaul digital prospecting pipelines across EMEA and North America.,0.85
CORP_036,2026-09-15,Reuters Tech,Strategic M&A Acquisition,Foundry Precision Castings Completes Strategic Acquisition of Automated Analytics Platform to Broaden B2B Footprint,"Transaction integrates complementary B2B analytics engines, creating urgent demand for vendor consolidation, cross-sell enablement, and institutional tooling.",0.78
CORP_037,2026-09-15,Reuters Tech,Cost Restructuring & Margin Squeeze,CloudNine SaaS ERP Initiates Strategic Cost Review Amid Rising Debt Service and Supply Chain Bottlenecks,"Company reports shrinking operating margins and elevated leverage, prioritizing efficiency tooling, unit-economic optimization, and vendor rationalization.",-0.35
CORP_038,2026-09-15,Reuters Tech,Enterprise Cloud Transformation,Beacon Credit Union Tech Unveils Multi-Year $80M Digital Modernization Initiative Across Core Operations,"Executive board approves major capital spend focused on enterprise software, automated risk evaluation, and modern customer intelligence platforms.",0.82
CORP_039,2026-09-15,SEC 8-K Filing,Strategic M&A Acquisition,CarePoint Specialty Clinics Completes Strategic Acquisition of Automated Analytics Platform to Broaden B2B Footprint,"Transaction integrates complementary B2B analytics engines, creating urgent demand for vendor consolidation, cross-sell enablement, and institutional tooling.",0.78
CORP_040,2026-09-15,Wall Street Journal,Enterprise Cloud Transformation,Summit Cold Storage Unveils Multi-Year $80M Digital Modernization Initiative Across Core Operations,"Executive board approves major capital spend focused on enterprise software, automated risk evaluation, and modern customer intelligence platforms.",0.82
CORP_041,2026-09-15,Bloomberg Institutional,Strategic M&A Acquisition,PureWater Desalination Completes Strategic Acquisition of Automated Analytics Platform to Broaden B2B Footprint,"Transaction integrates complementary B2B analytics engines, creating urgent demand for vendor consolidation, cross-sell enablement, and institutional tooling.",0.78
CORP_042,2026-09-15,SEC 8-K Filing,Regulatory Compliance Mandate,ProCraft Industrial Coatings Faces Heightened Scrutiny Under New Federal Data Transparency and Reporting Standards,Compliance deadlines are accelerating urgency to adopt institutional audit-grade software solutions with verifiable data governance and risk tracking.,0.4
CORP_043,2026-09-15,Wall Street Journal,Regulatory Compliance Mandate,Synthetix Machine Vision Faces Heightened Scrutiny Under New Federal Data Transparency and Reporting Standards,Compliance deadlines are accelerating urgency to adopt institutional audit-grade software solutions with verifiable data governance and risk tracking.,0.4
CORP_044,2026-09-15,Wall Street Journal,Executive Leadership Hire,Meridian Merchant Services Appoints Former Enterprise Sales VP as Chief Revenue Officer to Accelerate Global Expansion,Newly appointed CRO brings a mandate to double enterprise institutional contracts and overhaul digital prospecting pipelines across EMEA and North America.,0.85
CORP_045,2026-09-15,Wall Street Journal,Executive Leadership Hire,GeneThera Biologics Appoints Former Enterprise Sales VP as Chief Revenue Officer to Accelerate Global Expansion,Newly appointed CRO brings a mandate to double enterprise institutional contracts and overhaul digital prospecting pipelines across EMEA and North America.,0.85
CORP_046,2026-09-15,SEC 8-K Filing,Capital Raise & Growth Equity,SwiftMile Intermodal Secures $140M in Growth Financing Led by Institutional Tech Investors,"Proceeds will be directly earmarked for scaling sales ops, modernizing data infrastructure, and integrating next-generation AI workflows across enterprise accounts.",0.9
CORP_047,2026-09-15,SEC 8-K Filing,Regulatory Compliance Mandate,GreenVolt Hydrogen Systems Faces Heightened Scrutiny Under New Federal Data Transparency and Reporting Standards,Compliance deadlines are accelerating urgency to adopt institutional audit-grade software solutions with verifiable data governance and risk tracking.,0.4
CORP_048,2026-09-15,Reuters Tech,Cost Restructuring & Margin Squeeze,Borealis Specialty Alloys Initiates Strategic Cost Review Amid Rising Debt Service and Supply Chain Bottlenecks,"Company reports shrinking operating margins and elevated leverage, prioritizing efficiency tooling, unit-economic optimization, and vendor rationalization.",-0.35
CORP_049,2026-09-15,Bloomberg Institutional,Capital Raise & Growth Equity,DataVault Enterprise Cloud Secures $140M in Growth Financing Led by Institutional Tech Investors,"Proceeds will be directly earmarked for scaling sales ops, modernizing data infrastructure, and integrating next-generation AI workflows across enterprise accounts.",0.9
CORP_050,2026-09-15,Bloomberg Institutional,Executive Leadership Hire,Apex Capital Lending Group Appoints Former Enterprise Sales VP as Chief Revenue Officer to Accelerate Global Expansion,Newly appointed CRO brings a mandate to double enterprise institutional contracts and overhaul digital prospecting pipelines across EMEA and North America.,0.85
